X,Depth,R1,R2,R3,R4,R5,R6,R7
2.25,0.38,34.92,33.42,38.47,30,35.53,37,39.65
3.75,0.38,59.59,50.41,51.12,62.83,59.51,67.26,64.98
5.25,0.38,19.4,19.66,15.27,29.1,23.89,26.58,18.99
6.75,0.38,19.39,16.53,12.67,27.1,24.95,23.08,16.66
8.25,0.38,37.86,20.21,18.57,28.58,27.17,25.05,21.2
9.75,0.38,39.72,80.27,64.03,72.38,107.16,96.28,66.75
11.25,0.38,81.36,321.6,277.65,239.41,254.86,266.12,202.95
12.75,0.38,112.42,158.03,174.9,178.67,107.09,137.61,156.69
14.25,0.38,113.1,55.81,62.84,75.42,58.59,64.45,68.44
15.75,0.38,77.66,85.89,81.87,95.99,98.31,86.59,120.17
17.25,0.38,134.74,364.37,335.06,242.39,736.03,302.9,382.5
18.75,0.38,335.55,844.14,545.84,345.18,1132.4,422.48,416.75
20.25,0.38,683.46,571.55,669.56,671.83,324.13,593.64,648.38
21.75,0.38,1167.9,593.67,988.8,1046,609.12,1368.2,932.05
23.25,0.38,414.24,283.37,383.95,387.63,344.84,604.62,438.51
24.75,0.38,265.21,135.23,274.36,244.66,201.03,367.37,279.33
26.25,0.38,197.46,167.58,262.86,245,330.52,246.9,243.55
27.75,0.38,279.74,236.41,317.14,287.18,382.38,282.48,308.11
29.25,0.38,661.13,365.98,578.55,477.16,563.68,465.13,521.65
30.75,0.38,1728,1074.5,1419.9,1079.9,1075.9,1210.8,1453
32.25,0.38,308.3,378.55,319.13,381.72,310.23,406.57,436.71
33.75,0.38,314.35,371.17,380.28,370.35,409.5,396.3,382.34
35.25,0.38,366.67,417.15,426.39,387.95,419.33,427.41,391.48
36.75,0.38,964.84,1528.6,1084.7,1088.2,1030.2,965.35,998.81
38.25,0.38,252.46,343.46,285.06,301.53,282.85,238.16,251.41
39.75,0.38,680.42,564.52,609.54,662.4,623.64,619.75,829.71
41.25,0.38,563.71,532.05,556.66,651.74,570.34,682.15,747.66
42.75,0.38,368.99,372.4,393.21,400.97,409.12,466.34,423.45
44.25,0.38,254.61,249.28,261.44,251.17,256.42,271.07,276.23
45.75,0.38,149.8,113.74,148.76,120.31,152.52,154.71,150.29
47.25,0.38,403.38,326.93,393.17,353.2,420.48,414.41,426.23
48.75,0.38,574.71,587.72,580.38,591.37,572.29,557.74,652.95
50.25,0.38,151.01,159.76,162.47,155.82,166.5,155.98,159.96
51.75,0.38,109.9,112.53,121.3,109.76,123.06,121.27,110.72
53.25,0.38,97.12,98.66,108.81,96.15,109,111.02,95.85
54.75,0.38,100.63,106.07,113.96,102.79,114.89,115.61,102.01
56.25,0.38,154.06,169.19,178.49,161.79,180.45,177.6,159.46
57.75,0.38,160.44,177.88,181.71,171.66,185.59,180.02,168.85
59.25,0.38,144.89,149.83,147.05,148.29,148.25,146,144.81
60.75,0.38,88.66,86.22,88.08,87.39,86.22,85.79,87.74
62.25,0.38,253.79,228.74,255.74,241.22,230.13,234.86,250.47
63.75,0.38,2158.8,1909.3,2215.6,1964.7,2056.5,1926,2187.8
65.25,0.38,147.86,135.06,143.01,141.58,140.72,141.63,143.63
66.75,0.38,39.93,39.89,40.57,41.15,42.52,45.1,42.72
68.25,0.38,28.59,29.72,31.08,29.64,31.51,32.78,30.66
69.75,0.38,85.37,91.35,95.31,89.89,95.48,95.48,92.66
71.25,0.38,62.61,70.56,72.01,69.05,72.89,71.58,70.84
72.75,0.38,91.03,108.25,105.3,104.64,109.94,105.87,106.48
74.25,0.38,97.15,106.47,100.75,105.39,103.54,102.4,108.55
75.75,0.38,164.49,157.24,150.51,159.76,146.66,149.13,162.57
77.25,0.38,211.93,194.12,198.57,197.13,188.89,194.12,197.93
78.75,0.38,200.48,185.03,193.21,187.28,183.54,188.29,183.61
80.25,0.38,161.56,158.14,165.2,160.59,161.64,165.67,159.76
81.75,0.38,89.57,90.75,92.94,91.89,92.36,93.2,89.95
83.25,0.38,73.94,75.08,75.56,75.58,75.06,75.8,73.75
84.75,0.38,152.21,148.5,149.17,150.09,148.5,150.96,146.34
86.25,0.38,153.77,148.61,148.33,149.14,147.59,150.48,147.27
87.75,0.38,199.44,191.97,193.07,193.03,192.02,196.15,194.84
89.25,0.38,308.54,304.1,304.52,306.02,304.49,313.61,317.63
90.75,0.38,462.36,469.07,468.58,474.1,483.6,494.23,506.06
92.25,0.38,687.72,705.18,712.19,717.7,740.43,751.16,762.28
93.75,0.38,358.43,370.73,373.71,374.11,386.37,390.38,391.94
95.25,0.38,418.58,432.07,434.94,437.08,446.73,452.47,451.96
96.75,0.38,1558.2,1577,1586.6,1606,1630.6,1648.4,1682.1
98.25,0.38,958.05,929.53,941.9,953.16,959.38,971.26,994.53
99.75,0.38,848.54,810.83,820.59,838.61,838.97,867.99,902.4
101.25,0.38,753.88,726,733.58,747.66,750.06,779.74,806.44
102.75,0.38,349.72,342.27,343.73,349.76,350.08,363.46,371.57
104.25,0.38,240.64,233.3,238.84,239.75,244.34,254.52,254.97
105.75,0.38,187.61,182.14,189.18,186.1,193.38,199.97,199.01
107.25,0.38,142.12,132.59,142.02,135.51,144.28,148.23,144.12
108.75,0.38,104.65,97.23,103.52,99.36,104.04,107.95,102.1
110.25,0.38,66.9,71,73.06,70.85,72.62,72.69,68.47
111.75,0.38,53.85,58,58.58,57.66,57.99,57.84,55.81
113.25,0.38,280.36,307.75,308.8,302.61,303,299.37,284.94
114.75,0.38,965.09,963.08,982.75,954.18,986.34,1026.5,994.55
116.25,0.38,429.01,422.05,418.98,425.5,425.57,431.11,446.34
117.75,0.38,306.73,295.9,298.87,297.93,301.2,301.6,305.24
119.25,0.38,219.85,212.75,218.4,216.1,219.98,222.88,221.9
120.75,0.38,79.02,77.36,79.16,77.67,79.22,79.54,77.88
122.25,0.38,210.18,210.48,213.48,209.2,212.51,213.76,210.42
123.75,0.38,85.07,86.33,86.17,85.77,86.18,86.97,86.25
125.25,0.38,51.87,51.71,51.15,51.13,51.21,51.75,51.44
126.75,0.38,124.94,126.51,125.01,123.43,123.95,122.5,123.2
128.25,0.38,363.15,370.16,389.06,391.87,402.71,397.92,403.92
129.75,0.38,188.11,187.83,191.73,193.79,198.35,197.12,199.89
131.25,0.38,166.46,162.86,167.69,170.04,179.62,185.18,189.27
132.75,0.38,210.96,205.93,212.42,208.93,217.37,214.79,212.64
134.25,0.38,26.02,25.28,25.56,25.15,25.55,25.52,25.21
135.75,0.38,40.12,39.52,39.85,39.59,39.53,40.18,39.76
137.25,0.38,39.03,38.8,38.84,39.04,39.04,39.44,39.01
138.75,0.38,272.54,278.09,278.68,277.38,283.15,280.47,279.58
140.25,0.38,290.49,294.16,293.56,290.22,296.17,291.97,292.55
141.75,0.38,276.65,275.08,275.95,272.26,275.83,274.02,271.38
143.25,0.38,277.57,273.05,276.39,271.9,274.85,276.26,272.55
144.75,0.38,339.23,333.46,341.06,336.52,337.73,342.67,340.13
146.25,0.38,1216.2,1212.6,1198.9,1193.5,1175.3,1189.6,1205.6
147.75,0.38,1179,1184.2,1190.7,1206.6,1176.8,1210.7,1217.2
149.25,0.38,642.61,643.72,655.75,673.7,664.04,677.26,686.39
150.75,0.38,367.62,368.08,361.12,364.06,359.02,369.91,378.28
152.25,0.38,254.1,256.51,251.51,254.9,249.32,247.68,248.11
153.75,0.38,539.46,548.09,536.23,546.97,526.57,522.03,527.39
155.25,0.38,1942.9,1994.8,1939.9,1995.3,1929.8,1918,1945
156.75,0.38,981.49,1021.7,991.34,1014.1,989.56,1002.5,1011.5
158.25,0.38,417.04,422.26,426.8,421.37,426.77,443.54,435.55
159.75,0.38,298.67,297.15,299.86,297.14,301.42,309.27,306.93
161.25,0.38,116.72,113.82,114.7,114.02,116.03,118.89,118.31
162.75,0.38,159.99,157.76,159.05,156.86,161.77,165.05,164.27
164.25,0.38,222.66,215.03,219.07,214.59,221.17,227.92,223.86
165.75,0.38,209.28,206.72,207.54,206.58,209.93,215.71,215.21
167.25,0.38,237.62,246.1,240.59,247.17,249.61,253.8,263.54
168.75,0.38,466.52,491.18,474.78,497.18,492.17,494.79,527.93
170.25,0.38,351.53,390.04,365.09,399.94,373.62,376.89,418.52
171.75,0.38,412.55,445,438.72,460.63,451.19,449.34,473.22
173.25,0.38,287.01,297.35,304.64,303.85,310.74,316.86,314.66
174.75,0.38,280.11,272.63,278.19,272.03,286.32,299.51,291.93
176.25,0.38,380.09,352.97,349.26,350.41,364.96,380.8,379.35
2.25,1.13,30.68,33.1,29.79,38.29,28.84,29.55,27.53
3.75,1.13,37.03,28.04,33.12,24.64,29.17,30.78,38.07
5.25,1.13,24.32,16.56,19.49,22.21,18.23,20.04,22.24
6.75,1.13,12.52,3.84,6.23,8.53,3.85,3.86,6.7
8.25,1.13,26.18,34.94,26.49,30.26,55.49,48.7,32.52
9.75,1.13,8.97,31.77,55,23.25,38.66,35.45,55.3
11.25,1.13,75.31,15.58,20.31,35.44,12.96,10.78,19.59
12.75,1.13,64.81,61.63,62.52,51.04,13.56,61.38,33.47
14.25,1.13,62.14,26.13,30.88,19.98,47.94,42.9,16.55
15.75,1.13,68.71,21.68,17.01,39.76,24.3,21.13,68.23
17.25,1.13,19.05,129.12,91.49,28.86,115.72,39.71,28.03
18.75,1.13,403.26,200.99,170.03,273.52,125.28,181.4,223.65
20.25,1.13,543.83,243.18,312.37,280.02,430.44,389.51,253.76
21.75,1.13,1047.6,2007.6,782.89,762.99,864.65,645.02,375.63
23.25,1.13,89.47,1470.5,125.89,272.58,681.48,127.6,1257.7
24.75,1.13,485.83,442.26,470.66,482.16,368.81,608.08,1037.5
26.25,1.13,425.7,313.49,305.37,277.36,275.35,278.71,317.69
27.75,1.13,497.34,459.14,432.13,366.14,382.24,355.16,362.48
29.25,1.13,1317.9,722.97,1319.4,1432.5,1470.6,1186.1,1450
30.75,1.13,564.99,966.1,601.07,758.68,958.53,479.51,578.55
32.25,1.13,107.5,238.42,85.32,142.68,101.64,192.47,254.22
33.75,1.13,594.18,426.15,643.87,330.63,475.94,361.62,386.08
35.25,1.13,805.94,634.19,806.09,501.57,827.85,434.59,484.7
36.75,1.13,342.04,130.26,333.71,145.5,337.81,279.78,298.24
38.25,1.13,390.7,610.18,291.11,778.57,287.15,392.44,416.28
39.75,1.13,264.24,211.39,337.39,171.53,342.13,342.94,252.99
41.25,1.13,223.96,158.13,189.9,176.82,197.2,167.09,210.3
42.75,1.13,169.66,131.83,135.99,138.89,123.59,135.1,120.02
44.25,1.13,324.32,338.23,477.23,388.14,538.56,513.83,509.44
45.75,1.13,191.86,310.23,130.22,272.42,114.24,133.68,150.89
47.25,1.13,215.01,210.06,251.34,210.87,245.39,249.61,252.03
48.75,1.13,404.52,403.82,384.72,415.54,424.93,423.74,406.12
50.25,1.13,221.42,200.68,161.18,208.64,159.53,183.86,213.95
51.75,1.13,228.33,232.6,179.01,237.81,195.83,191.77,231.12
53.25,1.13,193.52,204.01,151.54,205.88,168.32,158.4,208.84
54.75,1.13,270.18,270.2,252.38,282.36,260.3,252.14,294.46
56.25,1.13,418.92,397.86,346.56,416.47,357.14,337.08,432.38
57.75,1.13,247.16,215.18,199.33,216.14,202.34,192.77,217.27
59.25,1.13,171.41,186.78,179.89,189.02,182.79,189.76,192.07
60.75,1.13,240.77,253.01,212.65,252.98,242.97,244.37,250.62
62.25,1.13,62.6,58.68,58.12,56.79,61.03,56.93,57.15
63.75,1.13,630.78,603.17,667.84,616.99,572.31,499.21,591.55
65.25,1.13,143.12,121.16,114.27,127.69,116.7,117.93,126.6
66.75,1.13,131.3,117.23,116.66,117.84,105.14,102.62,111.44
68.25,1.13,136.81,136.71,120.64,140.21,114.95,103.11,117.55
69.75,1.13,175.14,157.69,146.07,160.94,151.54,155,158
71.25,1.13,112.65,89.45,98.13,92.6,93.72,101.21,95.64
72.75,1.13,64.37,56.34,61.66,57.56,57.23,60.26,57.81
74.25,1.13,104.17,104.83,108.79,103.96,110.58,112.44,103.5
75.75,1.13,137.43,139.66,138.92,138.7,139.41,141.52,142.52
77.25,1.13,293.46,283.75,285.87,283.41,285.86,288.09,285.02
78.75,1.13,300.12,313.49,308.08,306.62,319.67,309.69,312.25
80.25,1.13,374.09,378.54,380.64,383.09,387.15,387.63,391.68
81.75,1.13,311.42,313.03,315.9,315.72,315.67,318.59,323.15
83.25,1.13,221.37,219.88,225.81,221.2,224.01,227.44,225.35
84.75,1.13,230.76,234.27,235.57,234.34,236.62,240.48,239.8
86.25,1.13,217.52,219.42,218.64,218.97,220.51,223.48,221.47
87.75,1.13,241.55,254.16,247.73,251.64,250.98,248.56,256.99
89.25,1.13,252.38,258.62,257.3,260.34,264.02,263.12,263.75
90.75,1.13,192.37,195.25,196.92,196.83,196.75,200.02,200.03
92.25,1.13,405.4,411.48,414.82,416.13,424.09,432.02,431.36
93.75,1.13,414.57,411.56,410.14,423.84,416.4,432.92,447.06
95.25,1.13,788.33,772.5,778.94,790.09,778.78,821.36,839.53
96.75,1.13,571.78,570.26,580.37,579.74,588.05,599.31,604.23
98.25,1.13,491.93,514.91,513.04,523.52,526.65,531.52,545.08
99.75,1.13,519.39,532.13,534.52,540.56,534.87,552.26,555.82
101.25,1.13,700.16,704.69,717.23,710.96,726.65,727.09,739
102.75,1.13,683.09,713.54,702.19,718.47,711.32,720.62,736.98
104.25,1.13,351.47,416.32,414.89,415.63,413.86,413.21,417.75
105.75,1.13,131.53,136.75,139,138.46,139.63,142.26,140.3
107.25,1.13,164.03,172.42,163.81,171.74,163.76,161.5,160.46
108.75,1.13,82.81,86.71,83.92,84.16,85.71,82.91,87.09
110.25,1.13,29.25,24.32,23.97,24.87,23.99,24.54,25.91
111.75,1.13,533.6,528.97,491.39,521.67,504.95,478.89,569.25
113.25,1.13,49.63,47.97,48.52,47.68,48.67,50.12,50.03
114.75,1.13,141.62,151.03,144.24,150.5,147.27,131.3,141.8
116.25,1.13,718.74,648.87,667.16,649.53,665.74,689.57,647
117.75,1.13,610.39,647.91,615.04,637.18,608.78,619.18,639.48
119.25,1.13,307.76,326.03,327.2,326.45,327.94,326.9,328.92
120.75,1.13,248.69,248,251.91,253.93,251.24,251.71,260.08
122.25,1.13,146.47,147.33,150.08,148.78,149.69,151.61,149.72
123.75,1.13,70.59,67.87,68.66,67.72,67.76,68.71,67.11
125.25,1.13,100.43,103.82,107.17,106.66,107.41,107.33,105.61
126.75,1.13,27.88,27.22,27.01,27.17,26.96,26.91,27.12
128.25,1.13,310.02,307.96,314.76,311.49,308.78,317.5,312.04
129.75,1.13,453.6,448.25,454.36,463.5,454.05,458.89,466.44
131.25,1.13,221.72,226,216.93,225.09,209.91,214.62,219.96
132.75,1.13,63.01,61.95,61.57,60.6,60.11,60.16,60.69
134.25,1.13,22.77,23.05,23.17,23.33,22.91,23.43,23.59
135.75,1.13,77.99,79.92,79.02,79.37,80.06,78.04,79.51
137.25,1.13,45.57,44.54,44.87,44.42,44.73,45.35,44.48
138.75,1.13,34.85,35.57,34.96,34.92,34.6,33.99,33.5
140.25,1.13,441.2,436.35,438,440.7,441.4,446.25,445.91
141.75,1.13,572.59,573.61,571.29,581.67,577.13,574.78,579.85
143.25,1.13,216.38,216.64,215.25,216.13,213.99,213.38,213.11
144.75,1.13,246.02,247.78,242.2,241.26,241.24,238.24,237.12
146.25,1.13,660.54,657.62,652.89,655.1,650.35,647.77,651.57
147.75,1.13,462.35,454.28,445.87,441.28,442.2,434.8,428.32
149.25,1.13,855.08,855.67,849.49,840.6,860.19,866.39,868.24
150.75,1.13,680.86,685.79,687.93,684.39,689.42,671.92,661.71
152.25,1.13,595.63,587.62,594.93,589.68,605.66,603.15,597.04
153.75,1.13,455.42,456.17,450.57,453.98,454.52,449.48,450.7
155.25,1.13,770.96,785.99,775.88,787.86,778.54,775.98,785.76
156.75,1.13,404.3,409.55,412.59,409.79,412.58,413.21,411.13
158.25,1.13,497.1,509.63,498.5,512.06,501.22,493.84,502.56
159.75,1.13,933.63,840.86,856.91,858.96,856.68,879.03,896.54
161.25,1.13,902.08,783.84,839.52,808.13,817.42,903.5,865.82
162.75,1.13,662.74,564.37,593.26,588.2,572.5,648.93,655.91
164.25,1.13,502.19,477.78,478.66,487.2,481.32,499.6,522.5
165.75,1.13,402.57,412.02,404.15,418.05,413.21,406.85,436.36
167.25,1.13,391.97,376.19,389.93,382.42,381.39,392.92,394.46
168.75,1.13,682.92,690.06,669.8,697.92,662.75,681.14,714.21
170.25,1.13,733.6,613.04,688.95,613.53,724.24,726.16,651.1
171.75,1.13,419.14,438.16,399.45,440.16,399.65,412.23,456.91
173.25,1.13,178.37,178.64,176.97,181.66,187.22,179.78,183.55
174.75,1.13,193.94,192.23,199.85,195.08,196.08,205.38,203.35
176.25,1.13,191.1,203.82,216.11,209.47,214.24,222.44,234.2
3.75,1.91,26.71,26.39,26.44,23.94,24.79,20.62,25.61
5.25,1.91,19.51,12.72,17.82,13.16,12.96,11.96,17.8
6.75,1.91,7.78,2.58,4.82,3.84,2.27,2.32,4.13
8.25,1.91,9.41,32.54,15.48,11.39,25.87,30.86,11.99
9.75,1.91,3.38,17.02,31.94,9.49,14.06,15.69,24.28
11.25,1.91,20.54,3.92,6.3,6.74,2.69,3,6.12
12.75,1.91,27.27,7.98,10.22,9.68,4.76,11.21,9.15
14.25,1.91,25.13,4.67,5.66,6.28,25.79,9.21,9.23
15.75,1.91,21.31,6.55,5.15,10.56,23.72,7.24,28.19
17.25,1.91,8.87,82.12,43.9,12.98,55.73,17.23,10.87
18.75,1.91,374.67,129.03,190.39,333.88,28.93,176.42,251.95
20.25,1.91,1023.8,123.83,290.97,451.59,510.28,447.97,263.32
21.75,1.91,705.62,794,326.56,371.83,347.99,311.24,107.72
23.25,1.91,85.97,490.64,96.98,122.18,163.43,96.93,172.76
24.75,1.91,230.11,220.7,205.17,157.14,117.5,233.92,154.75
26.25,1.91,537.69,401.67,323.29,250.62,188.72,233.03,163.35
27.75,1.91,827.47,533.56,675.36,568.27,542.94,395.96,378.54
29.25,1.91,1406.9,701.62,1550.3,1828.6,1774.4,1156.9,1525.6
30.75,1.91,348.37,685,373.18,718.13,685.86,355.39,328.25
32.25,1.91,99.43,213.33,73.06,119.2,85.22,159.97,160
33.75,1.91,330.05,428.3,305.95,313.71,266.25,361.26,400.7
35.25,1.91,608.26,598.8,524.15,545.16,561.5,471.95,616.12
36.75,1.91,313.67,164.54,298.64,333.96,297.86,392.98,372.92
38.25,1.91,553.97,623.72,376.69,1001.5,345.21,564.18,546.21
39.75,1.91,188.04,266.26,335.24,180.05,334.87,302.4,149.87
41.25,1.91,126.88,115.02,116.92,91.03,129.43,77.62,97.53
42.75,1.91,178.16,171.02,143.89,160.04,128.26,117.38,133.05
44.25,1.91,500.74,566.24,711.21,615.42,836.13,763.29,739.31
45.75,1.91,375.76,751.5,281.34,653.62,246.01,281.17,333.36
47.25,1.91,205.17,224.07,258.12,215.17,233.7,229.48,246.21
48.75,1.91,212.44,180.73,248.58,189.48,297.37,276.93,179.33
50.25,1.91,208.68,172.66,179.5,175.47,167.35,197.62,176.71
51.75,1.91,218.09,192.26,164.86,189.09,164.62,163.27,185.43
53.25,1.91,202.64,182.17,142.35,178.17,147.58,139.06,194.74
54.75,1.91,349.74,284.79,297.08,298.54,288.91,302.99,341.49
56.25,1.91,518.07,417.35,387.44,456.43,382.18,387.5,487.16
57.75,1.91,261.73,244.74,226.18,261.92,217.81,231.57,240.37
59.25,1.91,200.73,270.59,241.08,281.67,248.32,265.66,261.22
60.75,1.91,190.41,235.79,181.9,232.36,209.89,209.11,216.62
62.25,1.91,9.81,12.48,12.39,10.99,13.44,11.58,10.45
63.75,1.91,129.24,149.57,163.08,153.12,140.25,133.4,134.75
65.25,1.91,44.5,42.42,42.18,42.44,44.27,44.69,43.89
66.75,1.91,185.22,189.48,195.26,171.71,166.86,146.9,168.57
68.25,1.91,488.66,553.17,451.65,536.74,440.63,356.35,486.14
69.75,1.91,520.95,475.31,400.65,486.89,420.66,399.61,475.74
71.25,1.91,284.52,200.04,193.43,212.8,187.38,192.14,212.81
72.75,1.91,100.18,72.1,74.53,77.05,67.33,69.57,75.86
74.25,1.91,72.71,64.56,69.86,66.17,67.92,68.48,65.32
75.75,1.91,104.74,114.79,115.49,111.28,120.23,120.16,113.85
77.25,1.91,251.44,255.34,254.5,252.44,261.85,264,251.93
78.75,1.91,334.37,348.64,343.74,342.11,353.92,353.54,349.66
80.25,1.91,490.68,483.93,486,483.97,494.31,503.47,496.28
81.75,1.91,526.98,517.16,519.69,513.59,522.73,532.77,535.61
83.25,1.91,416.48,422.22,427.66,418.64,428.84,434.79,442.75
84.75,1.91,312.31,328.87,335.15,327.09,333.05,339.23,349.95
86.25,1.91,316.68,335.83,331.86,332.98,341.43,341.04,349.86
87.75,1.91,316.48,347.08,331.87,340.44,342.8,335.86,350.63
89.25,1.91,276.96,283.48,277.93,283.15,294.85,288.47,284.79
90.75,1.91,146.87,147.94,148.58,147.31,146.6,149.13,146.46
92.25,1.91,208.48,218.78,219.81,215.84,223.89,220.2,218.17
93.75,1.91,239.73,243.83,254.9,249.87,253.08,254.78,254.15
95.25,1.91,355.65,360.47,379.92,367.04,374.95,381.48,373.62
96.75,1.91,215.65,229.31,239.89,228.94,238.42,238.84,229.24
98.25,1.91,289.97,304.89,307.12,307.39,311.54,315.27,317.85
99.75,1.91,305.41,302.28,308.37,304.53,307.01,320.1,316.04
101.25,1.91,265.1,261.99,268.72,261.55,273.44,275.31,273.58
102.75,1.91,225.58,223.81,223.06,224.96,229.61,227.07,229.86
104.25,1.91,124.6,123.2,124.44,123.76,127.22,123.55,128.56
105.75,1.91,82.46,67.26,65.76,68.97,67.96,70.71,72.75
107.25,1.91,181.12,195.36,174.48,193.59,179.54,180.43,184.59
108.75,1.91,72.86,95.2,92.85,91.41,93.06,88.82,91.56
110.25,1.91,32.59,25.97,27.65,27.01,26.18,26.87,26.9
111.75,1.91,792.47,621.58,643.28,632.2,616.85,628.44,690.54
113.25,1.91,10.5,5.74,6.48,5.7,5.85,7.99,6.34
114.75,1.91,19.96,31.12,24.79,32.06,25.62,19.11,29.63
116.25,1.91,288.6,235.31,264.78,234.9,267.96,268.43,236.45
117.75,1.91,167,156.37,153.09,151.28,149.93,155.63,150.95
119.25,1.91,91.13,94.13,92.75,92.98,93.5,92.5,92.15
120.75,1.91,77.25,81.61,79.37,82.25,79.38,78.59,82
122.25,1.91,58.93,61.2,58.9,61.29,59.65,59.33,60.46
123.75,1.91,89.53,84.75,86.81,85.05,84.27,85.59,83.19
125.25,1.91,149.85,156.79,163.58,161.53,163.15,162.86,157.8
126.75,1.91,23.53,23.76,23.05,23.71,23.52,23.23,23.75
128.25,1.91,60.53,60.77,61.79,59.22,57.88,59.76,56.47
129.75,1.91,93.36,86.82,89.53,86.42,86.15,85.71,82.92
131.25,1.91,54.74,52.19,52.01,51.36,49.69,49.85,48.67
132.75,1.91,26.15,25.38,25.67,25.57,25.67,25.79,26.1
134.25,1.91,35.78,37.34,37.65,38.21,37.58,38.56,39.45
135.75,1.91,145.7,150.52,148.74,149.07,151.88,146.54,150.58
137.25,1.91,71.51,69.9,69.85,68.68,69.56,69.75,68.04
138.75,1.91,26.43,25.87,25.37,25.32,24.77,25.02,23.95
140.25,1.91,160.21,154.89,157.72,155.9,155.45,159.59,157.72
141.75,1.91,243.93,240.64,240.7,242.19,239.94,239,242.92
143.25,1.91,115.44,113.48,112.33,111.81,110.96,109.94,110.62
144.75,1.91,122.55,124.47,121.65,121.37,120.78,119.94,120.36
146.25,1.91,327.35,323.07,328.93,331.02,328.35,329.87,326.94
147.75,1.91,231.28,232.32,225.8,223.98,223.4,218.87,216.35
149.25,1.91,355.6,363.22,359.07,355.76,355.29,353.81,361.52
150.75,1.91,373.52,377.08,384.73,379.62,376.79,366.79,363.35
152.25,1.91,399.9,392.97,406.04,398.61,404.45,406.95,398.77
153.75,1.91,280.16,284.4,278.41,281.88,282.22,277.21,280.42
155.25,1.91,423.37,440.33,433.71,441.09,433.59,428.23,435.82
156.75,1.91,380.84,366.23,383.28,364.6,382.85,393.39,372.05
158.25,1.91,399.85,419.33,390.7,411.49,396.95,378.42,394.78
159.75,1.91,553.05,541.98,509.95,543.12,522.72,482.71,531.85
161.25,1.91,782.9,660.78,699.76,681.89,671.99,694.76,689.56
162.75,1.91,1213.3,945.36,1003.7,1010,940.75,1058.6,1121.2
164.25,1.91,947.98,938.26,933.78,970.77,937.49,943.86,1035.6
165.75,1.91,810.27,865.57,880.87,882.31,899,855.9,899.89
167.25,1.91,725.8,708.73,780.17,717.58,734.52,772.35,716.72
168.75,1.91,1110.5,1038.5,1048.2,1040.6,1017.7,1079.9,1066.6
170.25,1.91,1177.2,928.88,1028.4,922.15,1094.6,1104.5,989.16
171.75,1.91,392.39,406.58,351.39,405.43,350.11,362.64,413.23
173.25,1.91,101.36,102.81,97.42,104.45,101.26,95.38,100.79
174.75,1.91,71.82,75.52,79.28,78.51,72.63,76.31,78.84
5.25,2.78,19.47,21.05,22.85,17.92,23.15,17.74,21.58
6.75,2.78,8.14,8.13,8.95,6.32,7.47,8.52,7.19
8.25,2.78,5.31,31.03,10.75,7.4,17.39,25.34,6.9
9.75,2.78,3.05,17.54,17.4,7.2,10.97,14.61,11.68
11.25,2.78,7.47,5.43,5.34,4.64,4.71,4.89,5.88
12.75,2.78,11.28,4.48,3.98,4.68,8.3,6.09,6.83
14.25,2.78,11.14,4.72,3.44,5.03,33.81,6.84,9.98
15.75,2.78,9.44,10.26,6.12,8.44,48.59,9.78,21.41
17.25,2.78,11.08,88.67,47.33,20.53,68.75,26.72,20.64
18.75,2.78,244.01,143.08,279.95,370.48,50.85,224.37,320.98
20.25,2.78,983.76,104.84,405.14,678.09,495.1,524.25,446.03
21.75,2.78,563.04,261.7,286.12,344.79,311.39,304.74,152.34
23.25,2.78,135.75,182.23,152.82,135.33,150.72,168.77,93.63
24.75,2.78,146.39,133.16,191.41,117.57,141.38,231.24,77.45
26.25,2.78,317.33,244.81,359.43,211.79,230.99,333.05,129.01
27.75,2.78,529.61,288.3,642.98,534.91,523.01,406.24,291.82
29.25,2.78,754.6,385.46,996.38,1239.8,1061.9,728.73,931.44
30.75,2.78,246.62,385.2,286.65,528.04,388.4,308.52,199.46
32.25,2.78,146.94,205.31,117.43,154.07,108.69,203.64,131.13
33.75,2.78,310.25,385.62,268.24,383.12,234.44,433.7,407.24
35.25,2.78,681.11,590.7,552.51,867.4,507.47,736.54,860.67
36.75,2.78,555.23,413.48,572.14,1019,522.26,870.54,783.14
38.25,2.78,732.75,783.61,605.26,1350,578.01,888.36,792.78
39.75,2.78,209.36,481.97,420.79,327.47,452.76,397.33,215.04
41.25,2.78,143.15,272.41,183.12,170.47,216.21,123.45,146.62
42.75,2.78,285.72,437.31,278.15,342.83,274.32,218.86,278.57
44.25,2.78,752.74,1053.8,950.03,1014.8,1121.3,995.53,1014.2
45.75,2.78,693.48,1268.4,598.07,1157.8,570.15,593.65,707.3
47.25,2.78,323.21,366.16,413.29,366.24,377.89,352.02,396.74
48.75,2.78,226.79,186.45,331.2,202.91,368.67,321.3,204.51
50.25,2.78,235.1,207.89,301.47,211.95,259.65,286.68,220.75
51.75,2.78,197.45,177.66,206.16,172.22,175.25,177.2,164.67
53.25,2.78,165.67,140.31,149.82,134.23,131.6,134.28,144.14
54.75,2.78,262.09,201.57,258.8,208.31,228.71,270.71,235.08
56.25,2.78,364.39,301.62,331.33,332.47,316.28,359.36,337.83
57.75,2.78,235.25,265.73,261.52,287.25,250.24,285.98,243.91
59.25,2.78,212.59,315.96,278.44,323.96,283.92,298.32,284.38
60.75,2.78,115.39,143.08,112.99,135.91,121.52,115.8,124.29
62.25,2.78,4.78,6.45,5.98,5.54,6.41,5.69,5.06
63.75,2.78,24.86,33.54,37.63,34.78,33.45,35.73,29.48
65.25,2.78,9.67,12.5,13.71,11.91,14.82,14.69,12.14
66.75,2.78,108.65,144.24,162.87,118.33,143.3,117.41,128.7
68.25,2.78,849.3,1172.8,1025.8,1055.9,1070.5,873.37,1171.4
69.75,2.78,1568.6,1607.5,1359.8,1604.5,1453.8,1337.4,1720.5
71.25,2.78,1153.1,853.82,734.9,906.31,752,729.57,923.04
72.75,2.78,352.62,253.41,229.02,273.13,219.49,214.41,269.04
74.25,2.78,115.54,102.18,102.11,106.6,99.79,95.56,103.97
75.75,2.78,59,63.03,65.05,62.53,65.46,64.82,60.86
77.25,2.78,120.25,123.78,126.27,123.65,127.61,130.28,118.67
78.75,2.78,193.93,191.86,196.47,191.49,191.78,202.65,190.77
80.25,2.78,312.84,292.03,294.45,287.81,295.85,309.57,292.33
81.75,2.78,403.56,385.56,375.49,373.87,384.08,394.6,391.89
83.25,2.78,395.47,410.18,389.01,398.31,407.73,404.16,428
84.75,2.78,325.77,359.79,349.89,354.68,357.83,356.17,386.92
86.25,2.78,372.63,411.94,398.7,407.9,420.26,412.74,435.96
87.75,2.78,354.47,380.3,368.55,375.72,379.81,376.91,385.48
89.25,2.78,280.35,271.22,270.95,272.67,283.35,282.11,272.68
90.75,2.78,155.42,149.66,150.36,149.34,146.75,151.87,148.39
92.25,2.78,156.82,163.93,161.2,160.85,163.47,160.5,162.66
93.75,2.78,164.57,167.92,174.16,171.16,173.66,171.39,171.55
95.25,2.78,183.63,185.41,195.82,189.1,195.76,192.88,188.99
96.75,2.78,135.92,142.71,149.31,142.64,148.54,147.54,142.65
98.25,2.78,174.15,177.98,177.93,178.48,181.28,182.58,186.25
99.75,2.78,158.3,153.91,153.21,154.37,157.09,161.54,163.11
101.25,2.78,107.54,104.17,104.6,104.34,108.78,109.62,109.62
102.75,2.78,103.79,96.14,94.88,97.74,98.54,96.51,99.24
104.25,2.78,113.99,96.78,93.59,98.79,96.83,93.86,104.4
105.75,2.78,147.04,120.51,110.3,122.95,116.21,120.39,134.15
107.25,2.78,203.76,241.8,211.84,237.48,225.05,226.15,239.87
108.75,2.78,49.08,76.63,77.82,73.4,78.3,74.57,71.68
110.25,2.78,36.88,32.84,37.76,33.72,35.57,36.17,31.65
111.75,2.78,582.07,474.69,546.52,484.93,514.07,540.07,499.63
113.25,2.78,19.61,13.17,14.26,13.23,13.1,16.71,14.69
114.75,2.78,10.2,18.78,14.39,19.63,14.58,11.32,19.23
116.25,2.78,103.56,86.96,101.31,86.58,102.34,100.21,87.77
117.75,2.78,66.77,56.56,58.4,54.69,57.2,59.74,54.01
119.25,2.78,44.34,42.8,42.59,41.86,43.38,43.05,41.03
120.75,2.78,37.91,39.77,37.72,39.18,38.23,37.78,38.94
122.25,2.78,49.52,50.17,47.71,49.65,48.85,47.69,49.7
123.75,2.78,109.56,105.08,106.96,104.99,104.28,104.52,104.16
125.25,2.78,172.38,182.4,187.27,185.35,188.85,185.78,183.56
126.75,2.78,38.35,41.2,39.42,40.8,41.25,40.13,41.64
128.25,2.78,29.5,30.99,30.92,29.94,29.85,30.31,29.07
129.75,2.78,34.17,32.55,33.25,31.67,32.7,31.86,30.62
131.25,2.78,29.88,29.58,29.82,29.43,29.94,29.21,28.81
132.75,2.78,31.14,31.86,32.51,32.65,33.89,33.32,34.01
134.25,2.78,66.78,71.05,72.15,72.63,73.25,74.24,76.46
135.75,2.78,204.49,210.93,208.85,208.12,213.9,206.75,212.06
137.25,2.78,107.87,106.33,104.79,103.21,105.23,104.19,101.59
138.75,2.78,41.54,40.35,39.53,39.51,38.94,39.59,37.72
140.25,2.78,81.27,79.59,80.86,80.12,79.2,81.73,81.25
141.75,2.78,115.68,114.68,115.5,115.74,114.75,114.82,118.19
143.25,2.78,82.47,80.39,80.74,80.57,80.09,80.08,81.56
144.75,2.78,81.17,80.81,81.32,81.8,80.37,82.08,82.99
146.25,2.78,168.79,162.63,170.47,171.32,169.06,174,169.45
147.75,2.78,139.62,141.26,138.76,138.13,135.67,136.01,134
149.25,2.78,159.07,163.22,161.49,161.59,157.76,156.63,161.23
150.75,2.78,188.18,186.74,192.39,189.74,185.76,183.96,183.88
152.25,2.78,218.42,212.83,221.86,218.63,215.41,219.94,216.75
153.75,2.78,201.18,207.2,203.08,207.9,203.88,202.26,208.29
155.25,2.78,330.16,336.83,337.49,339.68,334.28,332.53,334.5
156.75,2.78,405.1,369.94,398.35,367.65,392.75,413.53,375.72
158.25,2.78,301.27,323.4,299.2,311.46,301.14,291.85,298.82
159.75,2.78,251.17,293.73,256.56,283.88,268.73,234.86,262.7
161.25,2.78,255.09,278.37,268.32,272.32,268.81,241.56,245.1
162.75,2.78,401.35,437.29,422.35,436.64,417.53,387.66,414
164.25,2.78,469.22,628.77,592.17,618.08,609,532.34,581.5
165.75,2.78,636.6,812.69,844.57,796.93,845.1,775.42,752.11
167.25,2.78,879.72,897.77,1011.5,888.17,948.18,1018.9,877.5
168.75,2.78,1138,1036.6,1055.3,1024.3,1046.2,1121.1,1068.5
170.25,2.78,976.19,817.23,845.56,807.85,915.19,921.09,868.46
171.75,2.78,233.31,243.73,211.53,242.99,212.55,215.62,240.82
173.25,2.78,44.35,47.25,44.21,48.34,43.45,40.9,44.08
6.75,3.73,14.3,26.33,23.18,18.39,26.71,34.88,20.22
8.25,3.73,6.97,37.61,14.66,12.38,24.75,34.48,11.71
9.75,3.73,5.07,27.78,15.59,11.49,19.62,25.02,12.87
11.25,3.73,5.99,13.93,8.04,8.43,14.89,13.52,10.29
12.75,3.73,7.35,10.81,5.76,7.68,22.02,12.21,11.16
14.25,3.73,7.79,12.59,6.49,8.97,56.13,13.84,15.94
15.75,3.73,8.59,25.93,13.41,14.7,86.2,21.18,27.44
17.25,3.73,17.54,109.84,66.47,41.21,107.01,51.7,46.7
18.75,3.73,160.81,171.85,332.22,346.82,118.32,256.07,347.44
20.25,3.73,647.52,131.88,555.97,739.95,493.44,571.61,662.37
21.75,3.73,527.91,173.9,452.11,466.01,455.38,470.67,377.75
23.25,3.73,233.53,151.51,314.82,237.96,304.18,370.13,216.4
24.75,3.73,178.67,154.35,323.83,183.21,299.47,438.95,178.03
26.25,3.73,224.48,218.32,440.98,232,362.54,586.23,236.55
27.75,3.73,294.57,199.43,546.6,407.54,429.49,538.23,328.95
29.25,3.73,340.78,234.11,549.07,630.6,493.1,510.47,543.73
30.75,3.73,200.61,242.97,258.31,345.4,236.16,293.94,156.68
32.25,3.73,212.67,194.29,189.29,185.16,136.48,246.19,132.53
33.75,3.73,406.8,307.8,337.55,401.76,253.04,438.11,372.25
35.25,3.73,890.96,491.25,662.13,968.39,514.95,812.69,905.48
36.75,3.73,798.2,583.47,824.08,1435.9,712.45,1081.2,1109.8
38.25,3.73,749.38,825.56,743.25,1373.3,785.78,988.33,971.05
39.75,3.73,247.37,692.6,498.91,496.48,594.27,518.51,351.84
41.25,3.73,192.26,573.64,319.3,337.21,393,249.7,274.95
42.75,3.73,407.42,878.74,474.03,621.63,506.54,410.11,504.46
44.25,3.73,914.43,1466.2,1027.9,1306,1213.5,1084.6,1193.3
45.75,3.73,997.03,1497.1,881.15,1449.1,933.07,904.14,1113.7
47.25,3.73,550.24,564.31,644.31,611.37,637.33,582.06,699.85
48.75,3.73,359.13,295.3,528.2,339.63,562.53,480.11,389.93
50.25,3.73,280.3,275.69,452.46,293.82,388.12,402.37,325.17
51.75,3.73,171.7,178.99,242.76,178.33,194.97,197.02,163.43
53.25,3.73,114.57,110.55,139.23,105.24,114.72,121.51,102.9
54.75,3.73,143.94,131.09,172.52,130.24,154.32,185.92,135.2
56.25,3.73,204.48,208.26,235.03,216.06,240.74,273.71,206.83
57.75,3.73,214.26,277.26,278.31,278.39,285.22,311.52,236.43
59.25,3.73,243.97,325.99,296.55,313.41,298.69,293.18,285.6
60.75,3.73,101.75,98.27,81.64,90.09,79.79,74.31,86.17
62.25,3.73,6.96,6.83,5.62,6.36,5.72,5.75,5.82
63.75,3.73,11.74,15.43,15.95,16.83,14.97,17.59,13.86
65.25,3.73,6.1,9.01,9.69,8.78,10.61,10.76,8.15
66.75,3.73,51.57,77.35,91.45,63.88,90.26,78.26,72.44
68.25,3.73,526.8,804.93,827.23,700.59,909.92,821.52,869.04
69.75,3.73,2063.5,2420.2,2274.2,2321.3,2484,2375.1,2720.6
71.25,3.73,2906.9,2468.5,2098.3,2534.3,2243,2157.4,2695.8
72.75,3.73,1217.6,967.42,786.87,1019.8,812.17,764.64,1018.7
74.25,3.73,308.06,289.38,260.04,300.82,265.52,243.64,292.38
75.75,3.73,87.54,93.47,93.97,95.65,92.58,88.24,90.03
77.25,3.73,87.62,92.19,95.97,94.53,94.12,94.15,88.39
78.75,3.73,121.43,118.93,125.47,121.08,117.79,125.56,117.12
80.25,3.73,182.37,167.02,168.52,163.79,167.36,175.21,163.76
81.75,3.73,247.95,234.06,220.27,224.01,228.6,232.65,232.51
83.25,3.73,276.79,287.38,256.12,276.45,280.43,268.56,292.59
84.75,3.73,265.15,298.37,274.21,293.72,292.59,280.74,313.15
86.25,3.73,321.06,359.76,343.91,359.71,367.49,354.51,376.46
87.75,3.73,307.25,316.9,317.28,319.22,320.43,322.91,320
89.25,3.73,243.63,223.51,230.72,227.94,231.97,237.56,224.89
90.75,3.73,162.55,150.2,151.07,151.14,145.73,153.86,150.18
92.25,3.73,145.92,146.86,140.21,145.33,141.49,142.34,147.82
93.75,3.73,140.56,139.36,136.98,141.8,139.2,138.29,142.43
95.25,3.73,133.02,128.52,129.73,131.6,132.95,130.84,132.26
96.75,3.73,107.8,106.69,107.6,107.67,109,109.02,109.54
98.25,3.73,111.43,109.36,105.92,109.69,109.51,110.48,115.68
99.75,3.73,94.24,90,85.98,90.35,90.19,91.83,95.35
101.25,3.73,78.87,73.38,71.61,74.42,73.82,75.08,76.08
102.75,3.73,113.01,99.4,96.85,102.56,96.73,96.65,100.65
104.25,3.73,198.98,165.72,157.9,170.92,157.58,155.93,175.62
105.75,3.73,247.46,221.9,202.56,224.74,210.23,214.46,243.72
107.25,3.73,157.33,203.54,184.51,198.09,197.21,193.94,205.05
108.75,3.73,31.22,48.61,51.07,46.55,52.66,49.97,45.26
110.25,3.73,38.85,37.92,43.92,37.9,43.64,43.34,35.34
111.75,3.73,381.06,356.12,415.91,354.2,418.01,423.78,352.81
113.25,3.73,57.27,50.12,51.82,49.98,51.3,58.16,54.72
114.75,3.73,22.17,35.23,29.58,36.15,29.79,26.65,37.68
116.25,3.73,66.57,65.98,72.34,65.84,72.4,70.58,66.95
117.75,3.73,55.63,48.3,51.19,47.29,50.24,51.94,46.06
119.25,3.73,43.97,40.11,41.57,39.29,42.02,42.25,38.02
120.75,3.73,40.31,39.28,38.77,38.36,38.97,39.03,38.08
122.25,3.73,59.36,57.17,55.77,55.99,57.04,55.32,57.18
123.75,3.73,117.28,113.63,114.25,112.23,113.19,111.11,114.54
125.25,3.73,169.13,180.35,180.2,179.59,185.51,178.11,183.71
126.75,3.73,71.11,79.84,75.71,78.19,81.03,77.33,82.08
128.25,3.73,44.15,49.15,47.26,47.53,49.03,47.84,48.91
129.75,3.73,41.14,43.95,43.01,42.72,45.24,42.96,43.84
131.25,3.73,43.98,48.55,47.5,48.68,50.56,48.08,50.36
132.75,3.73,57.64,62.69,63.4,64.35,68.03,65.51,68.57
134.25,3.73,111.7,119.95,122.38,121.89,125.45,125.65,129.78
135.75,3.73,226.85,233.44,231.8,229.09,236.98,230.36,234.58
137.25,3.73,143.09,142.52,139.27,137.25,141.1,138.33,135.2
138.75,3.73,73.54,72.44,70.7,70.75,71.05,71.22,68.49
140.25,3.73,81.57,82.83,82.87,83.32,83.01,84.12,84.45
141.75,3.73,97.01,98.78,99.63,100.52,100.78,100.5,103.99
143.25,3.73,86.89,86.17,87.68,88.23,88.53,88.96,90.88
144.75,3.73,82.58,80.81,83,84.01,82.66,85.77,86.36
146.25,3.73,116.04,109.11,115.4,114.99,114.36,119.65,114.6
147.75,3.73,106.47,106.62,105.59,105.08,103.02,105.47,102.91
149.25,3.73,109.36,111.26,108.73,109.83,107.04,106.31,108.67
150.75,3.73,131.09,128.49,130.06,129.6,126.87,126.55,127.52
152.25,3.73,153.41,149.69,153.42,153.55,148.96,152.43,152.79
153.75,3.73,169.93,175.02,172.64,177.8,172.31,173.18,179.72
155.25,3.73,276.26,269.2,276.54,274.35,272.43,276.45,273.79
156.75,3.73,364.73,318.6,349.9,319.11,339.92,364.56,326.31
158.25,3.73,259.31,272.9,261.29,263.79,258.2,261.21,257.08
159.75,3.73,182.63,232.83,202.07,221.72,211.39,190.6,203.72
161.25,3.73,147.9,205.37,184.4,193.2,192.81,166.17,166.18
162.75,3.73,197.37,300.45,270.43,282.19,282.87,240.47,243.72
164.25,3.73,265.77,444.08,410.38,414.89,429.54,362.6,361.08
165.75,3.73,457.73,619.01,651.43,587.2,643.96,613.5,538.94
167.25,3.73,721.14,732.89,806.69,712.83,776.89,842.71,716.21
168.75,3.73,673.35,614.26,609.96,601.53,628.12,661.47,636.85
170.25,3.73,513.07,461.38,451.55,454.19,492.06,492.19,485.13
171.75,3.73,104.02,108.27,97.18,107.43,97.95,97.58,103.53
9.75,4.78,12.36,49.29,25.04,26.6,42.36,50.82,27
11.25,4.78,8.82,34.44,16.38,20.01,40.47,34.73,22.25
12.75,4.78,8.69,29.91,13.79,18.35,50.58,30.82,22.92
14.25,4.78,9.42,34.12,16.18,20.09,86.81,32.2,28.71
15.75,4.78,12,55.71,28.41,28.89,122.14,43,41.96
17.25,4.78,25.85,137.68,90.75,68.9,153.53,84.56,81.15
18.75,4.78,115.36,204.95,320.05,290.16,205.69,254.78,317.87
20.25,4.78,375.92,186.95,605.69,615.43,499.05,541.28,695.14
21.75,4.78,447.92,200.89,650.74,548.23,605.89,624.75,672.52
23.25,4.78,312.77,203.16,553.74,372.07,540.2,611.56,510.07
24.75,4.78,237.03,229.55,508.62,282.77,522.54,660.79,436.94
26.25,4.78,213.72,257.84,503.46,261.09,473.49,733.85,452.17
27.75,4.78,211.41,204.1,457.17,293.48,353.59,584.06,419.82
29.25,4.78,208.38,191.62,349.27,318.67,268.14,404,372.34
30.75,4.78,189.9,187.37,231.33,222.9,172.12,261.19,154.43
32.25,4.78,256.14,171.8,214.83,174.33,144.09,222.91,143.06
33.75,4.78,450.8,217.79,312.08,300.52,227.94,309.55,300.4
35.25,4.78,868.57,305.43,502.64,612.63,394.3,511,654.29
36.75,4.78,729.43,420.18,631.98,948.7,565.39,683.11,911.61
38.25,4.78,577.83,561.29,575.61,898.56,660.13,676.05,829.69
39.75,4.78,251.94,609.5,458.68,487,573.61,496.62,418.58
41.25,4.78,226.24,672.14,404.25,430.53,502.42,365.23,375.51
42.75,4.78,448.14,988.9,562.51,718.04,619.34,551.65,621.29
44.25,4.78,863.16,1319.1,877.93,1176.1,1023.4,960.17,1108.8
45.75,4.78,1047.3,1254.4,864.76,1284.1,982.82,937.09,1216.5
47.25,4.78,725.62,651.25,708.56,748.88,770.27,712.81,932.99
48.75,4.78,478.88,390.5,586.41,467.01,654.24,565.34,589.96
50.25,4.78,287.24,299.83,432.64,333.31,406.65,408.27,380.75
51.75,4.78,140.02,165.64,207.89,169.71,176.85,176.28,151.55
53.25,4.78,78.46,91.84,104.34,86.67,92.42,94.52,77.83
54.75,4.78,82.61,96.3,104.69,89.49,106.37,116.23,87.5
56.25,4.78,130.79,165.91,162.65,154.85,191.25,194.05,145.95
57.75,4.78,220.33,290.24,274.91,260.54,314.88,303.31,236.33
59.25,4.78,338.94,344.65,320.93,304.76,322.59,294.38,310.34
60.75,4.78,169.23,105.51,88.99,95.56,80.16,76.72,99.14
62.25,4.78,24.22,14.29,10.4,14.4,9.86,10.94,13.5
63.75,4.78,13.43,13.91,11.56,15.91,11.94,15.01,13.1
65.25,4.78,8.31,11.38,10.34,11.42,11.94,12.79,9.89
66.75,4.78,29.55,44.01,46.38,38.55,51.69,48.88,40.48
68.25,4.78,195.1,289.26,309.94,256.21,346.51,336.08,300.1
69.75,4.78,963.6,1211,1254.6,1134,1359.1,1359,1310.1
71.25,4.78,2369.3,2369.2,2158.5,2325.8,2332.9,2285.9,2501.2
72.75,4.78,1891.6,1774.1,1443.2,1789.1,1556.3,1448.1,1811.9
74.25,4.78,694.25,722.28,608.28,733.11,650.92,579.68,717.68
75.75,4.78,216.41,242.95,232.65,249.13,234.11,214.22,234.97
77.25,4.78,137.66,151.44,157.62,156.67,152.89,147.43,146.65
78.75,4.78,136.96,139.12,148.52,142.95,138.52,142.02,136.43
80.25,4.78,163.63,153.21,156.6,151.77,153.39,156.11,149.31
81.75,4.78,198.18,186.47,175.7,180.11,181.02,180.16,182.95
83.25,4.78,214.47,216.53,191.15,210.51,210.6,196.6,215.31
84.75,4.78,207.44,226.43,205.36,225.47,222.36,207.85,228.75
86.25,4.78,239.42,262.8,253.35,267.05,269.6,256.66,266.37
87.75,4.78,233.54,234.06,241.87,240.23,239.28,242.52,231.82
89.25,4.78,195.85,176.89,187.25,182.13,182.02,189.54,175.67
90.75,4.78,154.53,141.18,142.19,142.68,136.08,144.88,140.21
92.25,4.78,139.52,135.91,127.19,135.36,127.61,131.08,136.98
93.75,4.78,132.6,126.86,118.76,128.71,121.9,122.98,129.27
95.25,4.78,121.32,110.91,106.96,113.7,110.48,110.85,114.86
96.75,4.78,102.56,93.72,91.61,95.54,92.83,95.01,97.85
98.25,4.78,94.75,85.97,82.38,87.08,83.71,86.46,90.68
99.75,4.78,86.53,76.99,73.52,78.24,74.49,77.27,79.79
101.25,4.78,97.41,85.25,84.16,87.82,81.93,85.12,85.58
102.75,4.78,163.08,140.36,140.74,146.39,131.55,134.86,137.85
104.25,4.78,263.5,230.99,228.98,239.05,216.71,217.57,233.74
105.75,4.78,229.49,228.58,218.48,230.28,219.19,219.05,238.02
107.25,4.78,85.23,109.61,105.84,107.01,111.19,107.45,109.11
108.75,4.78,22.17,29.17,31.2,28.3,32.59,31.19,27.71
110.25,4.78,37.6,35.2,39.23,34.88,41.06,40.37,33.61
111.75,4.78,238.59,220.92,243.76,216.01,265.45,259.34,218.24
113.25,4.78,121.94,116.22,113.34,114.92,120.04,126.43,126.19
114.75,4.78,63.5,85.39,74.67,86.31,76.7,73.7,92.59
116.25,4.78,85.11,94.69,95.62,95.08,95.66,93.92,96.76
117.75,4.78,74.91,70.4,73.78,70.03,72.26,73.97,67.64
119.25,4.78,60.06,54.1,57.63,53.59,57,58.12,51.17
120.75,4.78,54.14,49.4,51.22,48.57,50.23,51.2,47.61
122.25,4.78,69.31,63.43,63.89,61.94,64.43,62.81,63.4
123.75,4.78,108.29,103.8,103.51,101.58,103.68,100.31,105.44
125.25,4.78,145.1,152.17,148.73,149.29,155.27,146.35,156.59
126.75,4.78,103.4,115.27,109.03,112.2,117.65,110.9,119.99
128.25,4.78,77.89,87.09,82.25,84.5,88.38,84.45,90.14
129.75,4.78,71.36,80.06,76.52,78.43,82.96,78.33,83.66
131.25,4.78,77.28,88.95,85.56,89.67,92.58,87.91,95.76
132.75,4.78,96.92,107.57,108.09,110.42,116.03,111.37,118.8
134.25,4.78,146.96,156.89,160.81,158.64,163.52,163.57,168.76
135.75,4.78,211.51,217.01,217.05,212.11,219.19,215.08,216.88
137.25,4.78,160.88,161.64,158.38,155.1,160.32,156.47,153.15
138.75,4.78,110.11,110.47,107.85,107.37,109.8,107.9,104.85
140.25,4.78,104.28,108.91,107.84,108.75,110.38,108.95,109.72
141.75,4.78,111.04,116.13,116.68,117.94,120.43,118.29,121.75
143.25,4.78,106.32,108.67,110.75,111.58,113.94,113.49,115.16
144.75,4.78,100.64,99.38,101.92,102.78,103.22,106.18,105.91
146.25,4.78,108.46,102.99,106.88,105.38,107.47,111.48,106.15
147.75,4.78,102,102.48,100.41,99.71,99.72,102.03,98.97
149.25,4.78,103.01,105.21,100.08,101.82,101.09,99.76,101.19
150.75,4.78,118.02,116.89,113.88,115.29,114.39,113.1,114.94
152.25,4.78,134.09,133.02,131.59,134.36,130.64,132.14,134.97
153.75,4.78,155.93,159.31,156.66,162.22,157.21,158.85,165.18
155.25,4.78,230.69,216.1,224.18,221.85,221.25,228.27,225.06
156.75,4.78,299.57,253.54,278.67,257.24,269.23,291.36,264.48
158.25,4.78,247.72,243.79,243.07,240.61,237.21,250.11,240.86
159.75,4.78,193.34,230.67,209.37,223.29,215.75,208.94,213.35
161.25,4.78,162.08,220.79,200.68,209.86,211.48,194.41,190.13
162.75,4.78,187.59,282.49,259.76,265.7,273.92,248.8,238.69
164.25,4.78,229.52,340.58,326.92,319.34,340.03,313.8,290.24
165.75,4.78,318.59,366.91,384.49,350.27,380.68,385.76,335.52
167.25,4.78,394.37,369.09,389.83,360.25,385.66,413.74,369.64
168.75,4.78,233.53,214.51,207.65,210.73,218.92,222.04,220.89
12.75,5.93,13.99,68.66,32.32,42.15,85.6,69.94,44.62
14.25,5.93,15.29,74.23,36.34,42.04,122.84,66.1,50.16
15.75,5.93,18.96,97.49,51.4,51.9,153.43,76.27,63.59
17.25,5.93,34.38,165.89,110.23,94.13,194.22,116.63,109.47
18.75,5.93,86.47,231.72,262.69,225.7,266.23,229.71,254.88
20.25,5.93,217.65,249.1,509.76,433.31,477.17,441.43,532.3
21.75,5.93,314.87,267.25,667.55,488.94,632.83,592.49,699.59
23.25,5.93,301.17,290.86,668.38,421.85,663.99,640.39,699.62
24.75,5.93,260.33,322.77,591.9,337.63,634.06,639.33,644.74
26.25,5.93,220.64,314.69,489.32,266.41,497.57,601.89,581.73
27.75,5.93,192.73,237.36,369.5,221.66,313.16,446.73,443.88
29.25,5.93,180.6,188.83,253.5,190.84,202.01,291.48,299.35
30.75,5.93,191.47,163.83,186,151.05,145.73,195.75,163.02
32.25,5.93,255.34,144.78,172.71,136.93,131.34,158.12,147.5
33.75,5.93,384.02,148.5,203.03,185.88,170.89,176.17,223.11
35.25,5.93,611.49,170.43,263.27,299.23,239.49,243.4,381.65
36.75,5.93,489.22,222.9,329.1,444.25,318.09,315.21,523.52
38.25,5.93,380.77,292.17,334.29,450.81,388.01,349.45,513.44
39.75,5.93,223.57,370.29,332.21,341.25,401.27,347.59,346.04
41.25,5.93,226.2,470.17,359.82,359.18,429.9,349.63,348.03
42.75,5.93,398.65,664.66,478.45,544.41,516.4,504.09,521.04
44.25,5.93,666.55,819.66,624,775.78,690.59,690.48,790.33
45.75,5.93,826.72,790.5,634.63,846.52,720.86,704.73,931.12
47.25,5.93,669.5,541.62,546.5,635.27,622.76,596.48,812.72
48.75,5.93,451.57,366.12,436.05,437,513.52,460.47,555.51
50.25,5.93,245.26,254.8,291.95,285.03,303.67,304.54,320.26
51.75,5.93,117.58,142.83,147.82,146.54,137.64,136.07,131.53
53.25,5.93,65.68,86.19,77.16,79.83,77.77,74.52,69.87
54.75,5.93,66.33,91.34,75.51,79.52,89.66,85.43,77.61
56.25,5.93,115.74,164.8,131.77,140.37,175.92,155.19,135.98
57.75,5.93,253.24,313.76,266.01,258.68,338.8,288.52,256.58
59.25,5.93,467.58,376.81,339.52,315.46,352.14,312.86,360.39
60.75,5.93,312.21,150.93,123.4,137.97,109.79,111.28,155.37
62.25,5.93,76.22,36.82,24.67,38.54,23.32,27.19,37.78
63.75,5.93,24.11,19.36,12.96,22.07,14.23,17.75,18.85
65.25,5.93,11.92,14.2,10.6,14.48,12.96,14.19,12.17
66.75,5.93,18.46,26.51,24.24,24.24,29.26,28.86,23.14
68.25,5.93,69.12,98.78,101.51,89.83,114.37,113.43,95.44
69.75,5.93,290.98,367.78,386.8,344.89,412.6,417.68,369.68
71.25,5.93,841.07,931.6,911.71,894.1,967.7,964.5,931.13
72.75,5.93,1205.3,1287.2,1125.5,1254.8,1214.2,1148.6,1264.6
74.25,5.93,852.85,968.83,831.07,955.06,902.94,808.8,940.75
75.75,5.93,431.61,509.23,478.68,512.18,493.6,445.01,490.63
77.25,5.93,270.66,306.9,318.02,314.54,309.92,291.74,298.83
78.75,5.93,227.56,237.65,255.64,243.81,239.22,236.17,233.67
80.25,5.93,223.93,213.46,224.35,214.68,215.04,213,209.53
81.75,5.93,229.89,212.3,208.9,210.39,207.56,203.46,209.12
83.25,5.93,220.92,209.56,194.73,209.38,204.92,191.41,207.1
84.75,5.93,194.64,195.31,184.53,199.14,193.03,180.5,192.75
86.25,5.93,195.19,199.84,199.39,207.05,205.34,195.79,196.61
87.75,5.93,187.01,180.71,192.02,187.97,185.75,188.09,174.72
89.25,5.93,165.17,149.66,160.99,154.4,152.89,159.33,145.37
90.75,5.93,145.02,133.81,135.8,134.99,129.13,136.44,130.26
92.25,5.93,136.34,131.2,123.39,130.61,122.4,126.15,130.12
93.75,5.93,133.24,124.9,115.89,125.84,117.71,119.6,125.3
95.25,5.93,126.1,111.29,106.6,113.57,107.94,110.09,114
96.75,5.93,113.12,97.15,95.69,99.51,94.14,98.36,100.69
98.25,5.93,105.66,89.16,88.19,91.29,85.17,90.11,92.06
99.75,5.93,106.08,88.69,88.68,91.28,83.99,88.89,88.9
101.25,5.93,128.09,109.13,112.73,113.31,103.11,108.18,105.98
102.75,5.93,180.17,160.02,168.33,166.89,150.25,154.67,152.38
104.25,5.93,203.61,194.67,202.54,200.57,186.22,185.95,187.74
105.75,5.93,124.63,134.82,136.51,135.5,133.53,130.69,132.51
107.25,5.93,41.86,50.36,51.31,49.81,52.6,50.67,49.05
108.75,5.93,17.42,18.53,19.96,18.46,20.64,20.21,18.09
110.25,5.93,33.73,28.11,30,28.3,31.78,31.7,28.15
111.75,5.93,144.49,118.63,121.54,118.03,134.39,132.69,122.81
113.25,5.93,173.21,158.35,147.06,158.5,159.18,162.79,173.85
114.75,5.93,140.52,162.81,143.41,165.06,149.17,147.57,177.27
116.25,5.93,138.21,155.46,149.04,157.65,149.38,148.59,159.49
117.75,5.93,112.85,111.86,114.36,112.92,111.47,114.02,108.18
119.25,5.93,84.44,77.1,82.33,77.5,79.59,82.17,72.86
120.75,5.93,69.26,61.17,65.07,61.02,62.12,64.4,58.35
122.25,5.93,72.53,63.58,65.64,62.64,64.48,64.06,62.58
123.75,5.93,90.34,83.29,83.39,81.82,82.76,80.68,83.75
125.25,5.93,111.43,110.38,107.63,108.6,111.12,105.51,113.05
126.75,5.93,107.32,112.06,107.36,110.3,113.48,108.19,116.58
128.25,5.93,100.34,105.92,101,104.59,107,103.36,111.13
129.75,5.93,98.06,105.83,101.78,105.67,108.22,104.38,112.54
131.25,5.93,104.83,116.07,112.66,118.57,118.56,115.33,126.05
132.75,5.93,120.66,129.7,131.16,133.91,136.22,133.33,142.09
134.25,5.93,149.37,155.16,160.47,157.11,158.68,160.53,164.19
135.75,5.93,173.74,176.36,178.99,172.75,176.22,175.36,174.7
137.25,5.93,151.77,152.55,151.77,146.75,151.04,147.93,144.55
138.75,5.93,126.55,127.97,126.37,124.1,127.71,124.06,121.29
140.25,5.93,119.17,125.27,124.42,124.06,127.31,123.28,124.03
141.75,5.93,121.54,128.33,129.03,129.21,133.29,129,131.77
143.25,5.93,118.55,123.66,125.79,125.74,129.88,127.52,128.6
144.75,5.93,114.16,115.2,117,116.83,119.71,120.56,119.85
146.25,5.93,111.78,109.59,110.87,108.62,113.23,114.77,110.26
147.75,5.93,105.3,107.76,103.77,102.96,105.36,106.11,103.53
149.25,5.93,105.25,109.17,101.41,103.64,105.05,102.51,103.99
150.75,5.93,114.14,115.52,108.73,111.59,112.33,109.61,112.35
152.25,5.93,125.13,126.34,120.94,125.47,123.08,122.66,127.01
153.75,5.93,143.98,145.41,141.39,147.39,143.42,144.61,150.71
155.25,5.93,192.41,176.7,181.52,181.76,180.56,187.2,186.45
156.75,5.93,241.8,201.93,217.77,207.18,211.8,228.53,214.84
158.25,5.93,234.94,212.86,217.53,215.2,212.09,228.57,221.57
159.75,5.93,213.01,217.6,209.09,217.22,211.97,218.07,218.57
161.25,5.93,194.51,213.11,205.49,210.54,212,212.4,207.05
162.75,5.93,194.88,217.9,214.56,214.04,219.38,220.68,210.18
164.25,5.93,197.03,207.24,209.34,203.14,212.01,215,201.41
165.75,5.93,186.16,157.44,162.9,156.12,161.79,168.3,159.72
15.75,7.2,26.52,131.46,70.21,76.06,174.79,114.38,81.56
17.25,7.2,42.68,192.91,122.77,113.3,226.1,147.49,126.06
18.75,7.2,72.05,246.28,208.77,182.35,290.49,212.45,203.5
20.25,7.2,135.28,288.88,363.76,291.75,424.19,337.33,350.92
21.75,7.2,199.97,322.48,511.25,361.94,547.8,449.84,498.22
23.25,7.2,232.42,361.84,576.88,369.22,612.94,499.12,586.97
24.75,7.2,234.47,386,527.45,322.4,589.44,476.87,583.81
26.25,7.2,214.08,353.49,416.04,249.43,454.69,408.59,511.75
27.75,7.2,188.96,266.8,294.21,184.78,289.87,294.89,380.76
29.25,7.2,177.64,197.05,196.18,142.42,185.93,196.9,253.4
30.75,7.2,187.99,154.35,143.04,114.77,135.04,136.35,163.9
32.25,7.2,224.72,125.86,122.93,105.09,115.4,105.95,140.98
33.75,7.2,282.84,110.38,121.83,117.46,124.9,101.77,163.81
35.25,7.2,373.63,106.1,133.75,152.87,144.24,120.64,218.71
36.75,7.2,301.79,122.84,166.13,209.36,171.45,150,274.81
38.25,7.2,249.17,153.4,187.89,225.16,209.34,179.01,284
39.75,7.2,187.71,204.61,218.28,212.69,242.73,213.68,236.97
41.25,7.2,203.97,268.09,261.49,241.88,290.75,254.53,255.49
42.75,7.2,316.76,361.66,337.61,334.97,345.38,355.11,349.31
44.25,7.2,464.85,436.92,406.91,440.09,414.18,433.41,476.66
45.75,7.2,555.23,437.94,410.49,478.09,440.06,444.17,573.32
47.25,7.2,485.56,365.36,356.57,422.08,399.02,397.28,531.44
48.75,7.2,343.38,275.82,280.21,317.33,332.46,310.01,387.68
50.25,7.2,199.43,198.16,189.84,215.29,208.66,212.57,236.98
51.75,7.2,114.7,130.81,114.73,131.2,114.86,113.38,122.98
53.25,7.2,75.99,98.01,72.6,89.23,81.22,74.03,81.42
54.75,7.2,81.22,113.1,77.33,95.88,100.78,87.1,97.23
56.25,7.2,140.01,195.28,135.78,161.58,191.15,155.27,163.76
57.75,7.2,295.12,336.88,259.85,274.35,347.27,281.19,291.11
59.25,7.2,501.35,379.55,319.71,320.18,347.87,315.76,383.55
60.75,7.2,379.39,193.23,152.97,181.3,142.13,150.83,211.06
62.25,7.2,128.35,66.67,44.73,70.66,43.24,51.02,71.47
63.75,7.2,38.53,28.12,17.77,31.36,19.63,23.55,28
65.25,7.2,15.58,16.15,10.93,16.74,13.4,14.65,13.99
66.75,7.2,12.72,16.96,14.29,16.17,17.47,17.64,14.19
68.25,7.2,27.32,37.43,37.83,35.23,41.72,42.34,34.2
69.75,7.2,89.59,110.67,116.92,105.68,120.98,123.58,104.35
71.25,7.2,248.4,280.59,288.22,270.6,294.86,298.79,266.96
72.75,7.2,473.96,523,499.58,506.31,519.86,509.01,496.83
74.25,7.2,583.33,665.56,612.3,648.06,647.43,605.06,633.42
75.75,7.2,524.42,608.19,586.38,603.04,601.09,555.15,582.85
77.25,7.2,433.34,484.03,504.95,489.97,491.44,463.8,472.1
78.75,7.2,381.38,392.66,428.02,401.39,397.41,388.06,388.22
80.25,7.2,352.48,329.82,359.02,336.11,332.61,327.78,327.65
81.75,7.2,328.07,289.49,302.43,294.58,284.17,280.07,288.94
83.25,7.2,288.41,251.72,252.33,258.91,246.12,235.82,251.16
84.75,7.2,235.13,211.22,212.93,220.66,208.09,199.44,208.52
86.25,7.2,204.78,189.33,197.55,199.26,192.21,186.53,184.32
87.75,7.2,185.32,170.4,184.69,178.11,173.8,175.56,162.6
89.25,7.2,166.31,151.94,164.34,155.75,153.82,158.23,144.84
90.75,7.2,152.55,144.65,148.36,144.56,140.71,145.24,137.77
92.25,7.2,146.52,143.86,138.63,141.84,136.12,137.94,139.22
93.75,7.2,145.25,138.97,132.26,137.99,132.02,132.65,135.98
95.25,7.2,141.07,126.93,124.82,127.69,123.08,124.98,126.66
96.75,7.2,131.73,113.9,116.09,115.73,110.5,115.13,114.83
98.25,7.2,125.27,106.19,110.09,108.47,101.85,107.45,105.96
99.75,7.2,125.74,107.33,112.91,110.23,102.31,107.37,103.78
101.25,7.2,134.45,120.37,129.62,124.08,115.5,119.13,113.58
102.75,7.2,139.66,134.8,146.44,138.77,130.27,131.37,125.31
104.25,7.2,111.48,117.18,125.42,119.33,115.85,113.44,109.22
105.75,7.2,57.45,64.7,67.83,65.03,65.95,63.63,61.23
107.25,7.2,23.09,25.54,26.81,25.68,26.97,26.15,24.57
108.75,7.2,15.06,13.68,14.61,14,14.85,14.88,13.68
110.25,7.2,29.88,22.73,23.39,23.46,24.39,24.87,23.68
111.75,7.2,96.54,72.81,70.87,74.69,76.31,77.29,78.53
113.25,7.2,179.29,152.78,138.6,156.7,148.23,151.06,169.31
114.75,7.2,210.58,217.22,191.96,223.31,199.1,199.98,235.67
116.25,7.2,201.68,219.25,204.84,224.98,204.93,206.48,224.17
117.75,7.2,157.75,160.5,160.28,164.07,155.32,159.72,155.05
119.25,7.2,111.49,104.57,110.23,106.57,104.66,109.27,98.17
120.75,7.2,83.01,73.31,78.4,74.37,73.12,77.04,68.75
122.25,7.2,72.93,62.4,65.56,62.67,62.21,63.78,59.77
123.75,7.2,75.07,65.79,67.05,65.9,64.46,64.96,64.41
125.25,7.2,83.41,76.3,75.91,76.78,75.29,74.28,76.42
126.75,7.2,89,84.3,83.25,85.45,83.64,83.01,86.13
128.25,7.2,93.86,89.97,88.61,91.83,89,89.51,93.3
129.75,7.2,97.93,96.15,95.36,99.03,95.69,96.51,101.15
131.25,7.2,104.44,105.52,105.65,110.21,104.8,106.38,112.63
132.75,7.2,113.57,114.12,117.65,119.33,115.5,117.15,121.88
134.25,7.2,125.36,124.64,130.69,127.31,124.17,128.05,128.67
135.75,7.2,132.09,131.08,135.73,129.71,129.14,130.7,128.39
137.25,7.2,124.79,123.83,126.21,120.37,121.84,120.65,117.33
138.75,7.2,115.58,115.65,116.85,112.78,114.88,111.85,109.52
140.25,7.2,111.06,114.53,115.85,113.35,115.53,111.55,111.9
141.75,7.2,111.24,115.45,117.64,115.87,118.47,114.41,116.24
143.25,7.2,109.34,113.15,115.96,114.43,117.18,114.47,115.39
144.75,7.2,107.52,108.97,110.81,109.4,111.96,111.25,111.16
146.25,7.2,104.59,104.37,104.7,102.3,106.37,106.21,103.89
147.75,7.2,100.07,103.02,99.06,98.26,100.88,100.48,99.45
149.25,7.2,99.9,103.92,96.44,98.51,100.29,97.57,99.46
150.75,7.2,105.22,107.38,100.05,103.24,104.18,101.28,104.39
152.25,7.2,113.48,114.79,108.48,113.24,111.56,110.39,114.88
153.75,7.2,128.7,127.81,123.41,129.08,125.93,126.57,131.95
155.25,7.2,159.68,145.93,147.46,149.91,147.93,152.68,154.36
156.75,7.2,193.99,163.02,171.27,168.22,168.74,179.72,175.36
158.25,7.2,204.06,173.95,179.48,178.81,176.36,189.73,187.22
159.75,7.2,200.72,176.24,177.65,180.49,177.67,188.27,188.05
161.25,7.2,187.47,164.73,168.04,168.24,168.62,177.58,174.21
162.75,7.2,162.29,134.14,141.09,136.8,138.33,147.22,141.67
18.75,8.6,59.99,236.25,154.63,142.86,279.68,196.02,155.05
20.25,8.6,98.91,295.34,259.33,211.7,371.01,274.35,240.76
21.75,8.6,135.42,334.74,351.2,259.12,445.04,335.54,321.44
23.25,8.6,169.14,375.7,415.85,286.35,494.26,362.46,392.31
24.75,8.6,189.94,392.98,407.26,274.57,486.23,344.46,413.47
26.25,8.6,191.54,359.3,334.57,225.64,394.35,288.29,376.13
27.75,8.6,180.46,282.17,243.07,169.83,274.27,211.07,298.15
29.25,8.6,173.44,208.56,166.15,128.78,186.13,147.14,215.86
30.75,8.6,177.21,156.8,120.38,102.96,135.33,105.8,156.78
32.25,8.6,190.56,121.93,97.38,91.18,109.26,81.81,131.4
33.75,8.6,207.86,98.57,86.65,89.38,103.4,72.59,129.64
35.25,8.6,237.71,85.06,85.17,99.08,103.48,77.04,143.49
36.75,8.6,200.58,87.33,102.45,122.89,110.14,90.84,162.96
38.25,8.6,178.54,100.36,121.47,134.58,128.61,109.54,172.13
39.75,8.6,159.06,129.32,149.86,141.18,153.55,138.83,162.38
41.25,8.6,177,162.75,183.36,161.36,189.74,173.22,179.07
42.75,8.6,245.61,206.63,229.52,205.37,220.62,231.83,225.85
44.25,8.6,322.96,245.52,267.92,253.67,249.61,267.14,282.41
45.75,8.6,367.11,254.4,268.55,272.33,265.81,274.95,339.03
47.25,8.6,336.19,242.17,237.95,266.37,250.45,258.84,327.97
48.75,8.6,261.84,207,196.76,223.96,225.29,217.47,265.63
50.25,8.6,182.13,169.67,149.38,175.37,165.84,171.92,194.93
51.75,8.6,137.29,140.82,115.08,137.3,120.27,119.04,138.78
53.25,8.6,114.97,132.35,93.98,120.82,109.09,98.37,119.66
54.75,8.6,130.65,162.02,108.84,141.21,140.95,119.43,149.92
56.25,8.6,200.37,246.09,171.29,212.7,231.31,188.98,224.06
57.75,8.6,338.7,347.97,268.98,302.53,344.83,289.53,329.73
59.25,8.6,454.5,344.63,289.85,313.01,314.1,301.45,367.57
60.75,8.6,337.35,197.73,162.38,196.31,154.09,169.22,223.46
62.25,8.6,140.9,82.47,60.95,89.26,58.46,68.78,90.68
63.75,8.6,49.29,34.37,23.83,38.32,24.94,29.17,35.16
65.25,8.6,19.72,17.26,12.22,18.51,13.85,15.23,15.72
66.75,8.6,11.6,12.62,10.56,12.8,12.01,12.54,10.79
68.25,8.6,14.53,17.18,17.61,17.09,18.17,19.22,15.37
69.75,8.6,33.17,37.75,41.41,37.37,40.18,42.32,34.16
71.25,8.6,81.35,87.76,95.65,86.52,92.18,96.17,80.38
72.75,8.6,171.34,181.47,189.02,178.09,185.23,189.3,167.64
74.25,8.6,290.5,311.01,311.62,304.64,311.51,308.59,290.64
75.75,8.6,405.89,436.01,440.11,430.74,436.5,424.57,414.2
77.25,8.6,467.38,486.35,515.12,488.27,491.9,481.37,472.17
78.75,8.6,497.32,482.88,532.44,491.53,484.99,484.09,477.48
80.25,8.6,497.11,443.36,495.6,454.7,441.95,444.81,443.39
81.75,8.6,468.47,392.19,429.4,404.96,381.72,385.6,395.49
83.25,8.6,410.14,334.56,355.46,349.08,323.32,321.2,337.69
84.75,8.6,334.19,276.62,291.87,291.22,268.23,265.45,275.93
86.25,8.6,274.6,236.43,252,248.35,234.27,231.78,231.08
87.75,8.6,236.39,213,229.25,219.79,213.21,213.61,202.96
89.25,8.6,208.68,198.05,210.3,198.77,198.57,198.92,186.71
90.75,8.6,189.53,192.2,195.96,187.69,189.41,188.16,179.89
92.25,8.6,177.88,188.75,184.71,181.67,183.69,179.5,178.22
93.75,8.6,170.76,179.21,174.73,173.03,175.33,170.43,170.49
95.25,8.6,161.58,161.92,163.07,158.16,160.83,158.27,156.3
96.75,8.6,147.97,143.18,149.67,141.65,142.37,143.43,139.16
98.25,8.6,135.19,128.8,137.37,128.58,127,129.28,123.79
99.75,8.6,124.38,119.92,129.5,120.48,117.97,119.22,112.39
101.25,8.6,111.29,112.15,122.87,113.02,111.57,110.92,103.73
102.75,8.6,89.69,96.17,105.4,96.91,96.63,94.46,88.35
104.25,8.6,58.56,66.05,71.23,66.36,67.45,64.73,60.84
105.75,8.6,30.45,34.42,36.5,34.62,35.75,34.25,32.25
107.25,8.6,16.23,16.59,17.48,16.92,17.46,17.08,16.09
108.75,8.6,14.74,12.34,12.86,12.87,12.96,13.13,12.62
110.25,8.6,28.34,20.88,20.78,21.98,21.35,21.99,22.3
111.75,8.6,75.12,55.5,52.34,58.29,54.94,56.35,60.98
113.25,8.6,159.69,131.5,118.13,137.64,124.11,126.59,145.48
114.75,8.6,234.1,225.69,200.18,235.16,206.13,208.53,242.2
116.25,8.6,244.02,257.02,237.28,266.25,236.82,240.57,260.16
117.75,8.6,196.95,203.84,199.84,210.2,192.9,199.51,195.28
119.25,8.6,138.77,134.81,139.63,138.78,131.07,138.13,125.03
120.75,8.6,98.04,88.95,94.54,91.52,86.7,92.72,81.69
122.25,8.6,76.59,65.92,69.92,67.61,64.23,68.11,61.17
123.75,8.6,68.14,58.01,60.4,59.63,55.75,58.75,54.78
125.25,8.6,67.49,58.03,59.48,60.18,55.9,58.21,56.07
126.75,8.6,70.53,61.5,62.98,64.54,59.42,62.28,60.74
128.25,8.6,75.95,66.79,68.42,70.65,64.29,68.13,67.08
129.75,8.6,81.4,73.01,75.23,77.61,70.51,74.83,74.35
131.25,8.6,86.85,80.29,83.35,85.75,77.52,82.3,82.69
132.75,8.6,92.19,86.66,91.34,91.87,84.69,89.1,89.18
134.25,8.6,97.07,92.36,98.2,95.46,89.75,94.35,92.58
135.75,8.6,98.92,95.41,100.65,95.76,92.66,95.26,92.22
137.25,8.6,96.73,93.9,98.08,92.67,91.61,91.98,88.89
138.75,8.6,93.3,91.24,94.69,90.06,89.85,88.51,86.5
140.25,8.6,90.21,89.88,93.36,89.69,89.6,87.45,87.31
141.75,8.6,88.83,88.87,92.76,89.79,89.63,87.61,88.57
143.25,8.6,87.15,87.14,91.15,88.7,88.44,87.27,88.08
144.75,8.6,86.56,85.6,88.7,86.62,86.51,86.36,86.87
146.25,8.6,85.7,84.29,85.88,83.69,84.61,84.81,84.38
147.75,8.6,84.39,84.91,83.53,82.63,83.09,83.16,83.4
149.25,8.6,85.75,87.06,83,84.18,84.38,83.06,84.87
150.75,8.6,90.77,91.02,86.47,88.78,88.56,87,89.57
152.25,8.6,98.64,97.86,93.7,97.24,95.53,94.92,98.34
153.75,8.6,111.43,107.93,105.17,109.33,106.76,107.42,111.3
155.25,8.6,130.84,119.51,120.04,122.7,120.74,123.73,126.02
156.75,8.6,152.61,130.95,135.34,135.3,134.9,141.05,140.78
158.25,8.6,161.27,135.55,140.4,140.15,139.33,147.31,146.84
159.75,8.6,157.67,129.85,134.38,133.97,134.11,141.66,140.52
21.75,10.13,102.74,303.07,243.05,193.96,355,270.57,215.56
23.25,10.13,135.35,340.89,297.16,223.9,387.89,283.61,264.41
24.75,10.13,156.43,354.07,305.78,227.26,387.23,272.19,283.59
26.25,10.13,165.5,334.8,274.28,205.63,341.94,238.05,272.21
27.75,10.13,167.87,283.92,218.6,169.45,267.45,184.84,237.33
29.25,10.13,166.78,221.33,160.24,134.3,196.49,136,189.85
30.75,10.13,167.17,171.02,120.93,109.78,148.46,103.2,151.68
32.25,10.13,168.82,134.41,97.33,95.95,118.62,82.08,128.91
33.75,10.13,169.21,107.72,83.23,88.42,104.74,71.06,118.62
35.25,10.13,176.75,90.47,77.31,89.11,96.87,70.42,118.17
36.75,10.13,156.59,86.88,87.34,100.6,95.27,77.88,124.06
38.25,10.13,147.89,92.72,101.35,108.22,103.94,89.87,130.46
39.75,10.13,144.42,110.98,122.18,116.04,119.6,110.36,129.67
41.25,10.13,159.93,130.39,144.64,128.31,143.17,133.22,141.69
42.75,10.13,203.39,154.44,173.09,151.25,160.11,168.06,166.92
44.25,10.13,248.07,178.41,198.39,177.16,175,187.7,194.23
45.75,10.13,275.25,188.74,201.81,188.46,187.98,197.39,231.08
47.25,10.13,266.78,194.34,189.1,196.75,186.55,198.73,236.3
48.75,10.13,237.17,186.51,173.48,187.31,187.21,187.32,219.99
50.25,10.13,203.62,177.21,154.5,174.57,167.43,175.67,199.64
51.75,10.13,192.68,176.53,147.33,170.34,155.19,155.26,185.58
53.25,10.13,193.33,190.82,147.31,180.44,166.29,154.26,193
54.75,10.13,225.45,233.07,176.54,218.96,211.02,186.89,240.16
56.25,10.13,300.92,304.02,240.54,290.76,290.3,254.47,312.54
57.75,10.13,400.72,351.53,305.2,345.84,348.47,320.29,375.18
59.25,10.13,424.84,303.72,283.76,312.45,284.35,295.53,349.53
60.75,10.13,293.83,179.55,166.99,196.15,151.4,173.94,212.7
62.25,10.13,138.02,82.69,71.84,94.81,64.9,77.6,94.65
63.75,10.13,55.66,35.87,29.43,41.65,27.93,33.01,38.43
65.25,10.13,23.41,17.02,13.88,19.34,13.85,15.75,16.62
66.75,10.13,12.09,10.1,9.14,11.07,9.13,10.09,9.2
68.25,10.13,10.13,9.38,10.1,10.04,9.38,10.5,8.52
69.75,10.13,15.2,14.75,17.33,15.41,15.25,16.9,13.15
71.25,10.13,30.7,29.87,35.27,30.48,31.26,34.1,26.68
72.75,10.13,64.95,63.3,72.03,63.58,65.53,70.45,57.06
74.25,10.13,129.38,127.03,138.43,126.22,129.51,136.35,116.24
75.75,10.13,234.34,229.77,244.95,227.76,231.6,239.7,214.6
77.25,10.13,357.11,342.19,369.56,341.79,342.84,353.57,327.24
78.75,10.13,476.89,435.64,480.9,439.83,430.4,446.95,425.58
80.25,10.13,558.55,481.68,538.24,490.65,469.99,489.29,478.32
81.75,10.13,583.35,482.35,531.92,494.76,460.81,479.55,484.92
83.25,10.13,551.05,449.75,482.63,463.74,426.55,436.65,454.02
84.75,10.13,481.14,401.49,422.01,413.8,381.71,385.49,401.64
86.25,10.13,406.32,359.03,372.39,365.49,347.62,345.17,351.64
87.75,10.13,346.36,333.2,341.13,330.47,328.31,321.48,317.45
89.25,10.13,298.72,316.69,317.76,304.18,316.79,304.18,296.36
90.75,10.13,260.72,304.32,297.16,284.29,305.84,287.9,281.17
92.25,10.13,230.5,287.44,275.09,264.62,290.09,268.3,265.96
93.75,10.13,205.49,259.53,250.35,239.19,264.77,243.78,240.84
95.25,10.13,180.51,222.41,221.98,207.17,230.05,214.26,208.33
96.75,10.13,154.01,184.53,191.29,174.4,191.33,182,173.69
98.25,10.13,129.54,151.72,160.89,145.27,156.43,150.54,141.8
99.75,10.13,106.71,123.59,132.92,119.66,127.37,122.4,114.02
101.25,10.13,82.95,96.31,104.92,94.09,100.19,95.69,88.9
102.75,10.13,58.32,68.32,74.37,67.26,71.41,67.91,63.34
104.25,10.13,36.25,42.05,45.15,41.75,44.15,41.83,39.36
105.75,10.13,21.29,23.21,24.53,23.37,24.4,23.36,22.27
107.25,10.13,14.91,14.17,14.71,14.59,14.78,14.52,14.18
108.75,10.13,16.59,13.38,13.48,14.08,13.66,13.8,14.07
110.25,10.13,30.25,22.43,21.56,23.82,22.17,22.67,24.4
111.75,10.13,68.97,51.93,47.7,55.11,49.79,50.74,57.46
113.25,10.13,144.48,119.45,106.24,126.14,111.09,112.52,131.34
114.75,10.13,231.85,218.56,193.65,229.07,199.51,201.35,231.88
116.25,10.13,266.26,276.95,253.53,287.93,253.94,258.11,277.59
117.75,10.13,231.8,244.75,236.29,253.17,228.6,236.79,232.45
119.25,10.13,170.55,172.73,175.68,178.6,164.45,174.19,158.3
120.75,10.13,119.87,113.94,119.6,118.13,108.86,117.63,102.65
122.25,10.13,88.05,78.73,83.45,81.87,75.12,81.7,70.95
123.75,10.13,70.89,61.17,64.49,64.07,57.75,63.11,55.72
125.25,10.13,63.19,53.68,56.2,56.92,50.59,55.2,49.8
126.75,10.13,61.39,51.95,54.53,55.82,48.96,53.79,49.14
128.25,10.13,63.48,53.82,56.63,58.26,50.55,55.94,51.74
129.75,10.13,67.17,57.72,61,62.54,54.37,60,56.24
131.25,10.13,71.13,62.85,66.66,67.9,59.32,65,61.89
132.75,10.13,74.87,67.91,72.35,72.42,64.68,69.7,67.01
134.25,10.13,77.79,72.19,77.03,75.05,68.87,73.16,70.12
135.75,10.13,78.67,74.44,79.07,75.39,71.51,74.05,70.81
137.25,10.13,77.61,74.1,78.38,73.93,71.79,72.66,69.84
138.75,10.13,75.2,72.14,76.2,71.94,70.53,70.21,68.38
140.25,10.13,71.94,69.59,73.83,70.07,68.69,67.96,67.42
141.75,10.13,69.3,66.96,71.5,68.28,66.58,66.19,66.44
143.25,10.13,67.22,64.72,69.29,66.63,64.59,64.88,65.29
144.75,10.13,66.65,63.66,67.71,65.47,63.43,64.35,64.8
146.25,10.13,67,63.9,66.94,64.94,63.41,64.59,64.76
147.75,10.13,67.91,65.79,67.11,65.96,64.44,65.51,66.03
149.25,10.13,70.9,69.25,68.9,69.01,67.62,67.91,69.14
150.75,10.13,77.19,74.97,74.01,74.99,73.65,73.65,75.28
152.25,10.13,85.74,82.66,81.68,83.5,81.77,82.05,84.15
153.75,10.13,94.35,89.62,89.28,91.46,89.55,90.32,92.65
155.25,10.13,106.51,97.86,99.16,100.66,99.4,101.15,102.89
156.75,10.13,124.76,110.12,113.9,113.72,114.61,117.78,118.21
26.25,11.82,142.99,294.08,247.93,196.66,309.61,243.65,212.98
27.75,11.82,159.06,263.28,209.23,174.32,257.17,189.24,197.76
29.25,11.82,164.18,228.03,173.79,152.44,213.22,153.06,176.73
30.75,11.82,164.95,193.24,145.16,133.93,176.98,127.16,156.3
32.25,11.82,163.8,161.75,123.33,120.8,147.37,107.29,139.92
33.75,11.82,159.47,134.98,106.73,110.79,128.05,93.67,128.21
35.25,11.82,159.97,117.69,98.19,108.1,116.28,89.89,123.76
36.75,11.82,148.15,113.55,103.94,115.13,111.34,93.93,125.48
38.25,11.82,145.9,118.85,114.13,121.61,115.92,102.09,131.19
39.75,11.82,149.51,135.78,129.19,129.9,126.86,117.01,133.94
41.25,11.82,164.75,153,144.58,139.83,143.64,132.96,145
42.75,11.82,198.74,172.65,163.71,156.35,154.24,156.94,163.57
44.25,11.82,234.17,192.39,183.43,175.23,164.63,172.55,181.78
45.75,11.82,261.55,202.66,191.62,184.79,177.55,186.51,211.7
47.25,11.82,270.45,211.78,192.43,196.99,184.37,199.15,227.07
48.75,11.82,269.85,214.49,194.83,203.32,199.19,206.5,235.69
50.25,11.82,270.96,220.61,197.69,213.12,205.31,218.26,247.62
51.75,11.82,292.37,238.57,215,235.78,220.1,225.53,268.72
53.25,11.82,325.15,270.4,241.34,274.32,253.77,247.51,307.6
54.75,11.82,382.98,318.27,290.89,334.85,308.64,293.86,373.14
56.25,11.82,464.2,366.09,355.45,405.12,368.55,355.22,436.4
57.75,11.82,521.61,362.82,385.51,422.21,374.62,383.54,448.25
59.25,11.82,463.9,280.16,317.2,339.51,277.25,316.79,360.9
60.75,11.82,294.32,162.68,183.15,202.89,148.9,182.87,209.28
62.25,11.82,141.7,77.43,81.86,97.71,66.45,83.17,94.99
63.75,11.82,60.26,34.11,33.89,42.72,28.42,35.03,39.06
65.25,11.82,25.59,15.42,14.98,18.91,12.93,15.53,16.24
66.75,11.82,12.07,7.89,8.16,9.43,7,8.27,7.74
68.25,11.82,7.69,5.51,6.5,6.41,5.27,6.29,5.22
69.75,11.82,7.93,6.28,8.09,7.02,6.28,7.39,5.65
71.25,11.82,12.64,10.63,13.83,11.34,11.05,12.71,9.4
72.75,11.82,25.45,22.28,27.78,22.97,23.29,26.52,19.66
74.25,11.82,55.33,49.83,58.75,50.21,51.58,57.76,44.49
75.75,11.82,118.16,107.68,121.19,107.16,109.54,120.57,98.12
77.25,11.82,223.51,202.9,223.39,201.38,202.56,220.38,189.39
78.75,11.82,366.73,327.68,357.83,325.92,319.77,346.04,312.89
80.25,11.82,510.75,450.31,487.56,448.62,431.16,462.9,438.19
81.75,11.82,612.04,542.45,573.01,539.55,509.08,540.29,535.44
83.25,11.82,647.89,591.22,601.89,584.33,551.76,570.73,587.05
84.75,11.82,625.69,602.73,591.68,587.72,565.81,568.73,594.57
86.25,11.82,567.15,593.88,564.46,565.76,569.53,552.46,574.94
87.75,11.82,495.74,581,536.95,535.79,572.42,535.34,548.19
89.25,11.82,422.4,560.7,506.72,499.96,568.54,512.58,518.75
90.75,11.82,353.02,526.15,468.59,457.26,545.61,477.63,480.14
92.25,11.82,291.08,470.67,418.74,404.32,496.87,426.85,428.78
93.75,11.82,237.93,395.65,359.85,341.07,424.63,363.85,361.06
95.25,11.82,191.26,312.7,296.4,273.28,340.17,295.52,287.68
96.75,11.82,150.35,236.22,233.99,210.5,257.77,229.29,218.93
98.25,11.82,116.68,173.31,177.23,157.64,188.29,170.7,161.01
99.75,11.82,88.62,123.28,129.08,114.43,133.68,122.57,114.88
101.25,11.82,64.22,83.46,89.08,79.02,90.75,83.98,79.02
102.75,11.82,43.77,53.17,57.02,51.32,57.59,53.84,51.29
104.25,11.82,28.63,32.08,34.06,31.61,34.47,32.54,31.62
105.75,11.82,19.72,19.77,20.58,19.95,20.95,20.09,20.1
107.25,11.82,17,14.84,14.99,15.35,15.36,15.05,15.7
108.75,11.82,21.08,16.39,15.89,17.27,16.44,16.39,17.95
110.25,11.82,36.56,27.24,25.23,28.92,26.45,26.52,30.4
111.75,11.82,74.65,57.42,51.27,60.91,54.31,54.28,64.39
113.25,11.82,147.67,124.22,108.6,131.01,115.06,114.59,137.12
114.75,11.82,242.22,229.37,201.1,239.77,210.09,209.41,243.43
116.25,11.82,299.57,314.02,283.91,325.31,288.43,290.59,314.97
117.75,11.82,282.89,307.81,292.4,317.24,286.27,294.75,292.2
119.25,11.82,220.72,235.03,234.65,242.36,221.29,233.99,214.34
120.75,11.82,157.92,159.43,164.61,165.2,150.38,163.02,141.97
122.25,11.82,112.77,107.26,112.46,111.86,100.86,111.08,94.71
123.75,11.82,85.07,77.4,81.29,81.48,72.13,80.37,68.5
125.25,11.82,69.75,61.78,64.76,65.84,57.35,64.2,55.26
126.75,11.82,62.62,54.74,57.55,59.02,50.73,57.14,49.65
128.25,11.82,60.92,53.11,55.9,57.54,49.1,55.44,48.81
129.75,11.82,62.32,54.75,57.71,59.16,50.8,56.89,50.96
131.25,11.82,65.09,58.43,61.54,62.61,54.46,60.09,55
132.75,11.82,68.35,62.9,66.02,66.28,59.15,63.71,59.54
134.25,11.82,71.03,66.85,69.93,68.71,63.31,66.58,62.89
135.75,11.82,71.8,68.78,71.75,69.06,65.89,67.4,64.12
137.25,11.82,70.52,68.05,71.06,67.47,65.93,66.04,63.43
138.75,11.82,67.37,65.12,68.3,64.6,63.66,63.04,61.31
140.25,11.82,63.01,60.98,64.62,61.16,60.09,59.51,58.68
141.75,11.82,59.15,56.96,61.07,57.99,56.41,56.48,56.17
143.25,11.82,56.56,54.15,58.42,55.8,53.74,54.55,54.41
144.75,11.82,55.77,52.94,57.03,54.78,52.56,53.88,53.89
146.25,11.82,56.53,53.48,57.04,55.1,53.05,54.59,54.61
147.75,11.82,58.23,55.43,58.17,56.77,54.75,56.21,56.5
149.25,11.82,61.54,58.87,60.86,60.06,58.28,59.35,59.94
150.75,11.82,68.29,65.28,66.95,66.65,65.2,65.99,66.82
152.25,11.82,82.9,78.96,80.49,81.05,80.17,80.66,82.14
30.75,13.68,173.45,217,197.77,175.64,223.86,184.15,173.6
32.25,13.68,174.87,189.54,180.04,168.21,192.41,163.96,165.4
33.75,13.68,171.98,171.45,165.45,160.91,173.82,150.02,158.28
35.25,13.68,171.46,161.87,156.06,158.78,162.83,143.82,155.38
36.75,13.68,166.09,167.97,157.29,166.67,159.82,144.24,158.97
38.25,13.68,169.78,184.94,163.91,178.11,166.26,149.21,169.65
39.75,13.68,180.82,214.86,174.29,193.05,178.39,160.59,179.74
41.25,13.68,202.33,244.02,184.18,208.67,194.73,172.85,197.43
42.75,13.68,241.32,271.9,197.44,229.22,202.97,193.25,220.27
44.25,13.68,283.51,291.91,214.72,247.86,210.53,209.66,237.73
45.75,13.68,321.54,295.66,227.66,253.89,222.17,228.99,264.71
47.25,13.68,346.69,294.93,239.17,262.02,231.83,250.68,284.04
48.75,13.68,367.03,291,256.41,271.62,253.67,270.99,305.26
50.25,13.68,397.85,297.72,279.91,294.15,276.91,301.36,340.2
51.75,13.68,455.91,324.08,326.33,340.75,314.95,334,396.05
53.25,13.68,538.11,368.35,390.73,414.6,372.91,382.85,477.76
54.75,13.68,652.11,421.15,479.11,514.44,442.03,450.51,579.74
56.25,13.68,776.92,452.07,563.89,606.94,490.2,515.71,647.22
57.75,13.68,815.73,407.12,568.12,591.45,454.43,515.43,608.42
59.25,13.68,646.14,288.41,428.1,431.96,309.66,396.12,438.77
60.75,13.68,363.71,159.24,230.08,235.4,158.22,213.89,233
62.25,13.68,162.35,73.91,97.01,105.61,68.18,91.8,100.14
63.75,13.68,65.88,31.54,37.71,43.4,27.65,36.2,39.2
65.25,13.68,26.36,13.25,15.11,17.65,11.36,14.48,15.07
66.75,13.68,11.07,5.85,6.93,7.61,5.12,6.45,6.18
68.25,13.68,5.57,3.16,4.17,4.02,2.89,3.67,3.18
69.75,13.68,4.11,2.6,3.75,3.16,2.48,3.1,2.42
71.25,13.68,5.02,3.53,5.15,3.96,3.62,4.38,3.13
72.75,13.68,9.46,7.32,10.05,7.72,7.76,9.42,6.33
74.25,13.68,22.62,18.89,23.92,19.15,20.01,23.92,16.35
75.75,13.68,57.07,49.85,58.6,49.47,51.65,60.34,44.02
77.25,13.68,131.41,117.7,130.76,115.47,118.32,135.21,106.75
78.75,13.68,258.93,237.71,252.47,231.25,231.3,259.34,221.11
80.25,13.68,421.72,405.27,412.07,389.92,383.97,421.06,384.72
81.75,13.68,573.72,595.73,574,563.46,552.78,589.21,573.15
83.25,13.68,674.81,775.72,703.31,715.85,717.32,732.6,748.92
84.75,13.68,714.51,919.6,787.14,821.57,861.39,837.3,880.13
86.25,13.68,695.46,1012.7,825.52,870.37,978.58,898.31,950.69
87.75,13.68,630.82,1051.2,826.26,867.05,1058.6,916.88,964.12
89.25,13.68,537.57,1025.5,790.6,817.1,1079.1,887.21,925.23
90.75,13.68,434.96,931.66,718.21,727.75,1017,806.46,834.06
92.25,13.68,338.43,781.2,614.46,609.14,875.25,683.5,702.02
93.75,13.68,257.28,603.75,495.4,477.66,688.38,541.05,547.09
95.25,13.68,192.59,434.34,377.63,352.34,500.11,402.82,399.12
96.75,13.68,142.71,296.31,273.37,247.92,341.12,284.39,276.54
98.25,13.68,105.74,194.77,188.67,168.39,222.68,191.79,184.63
99.75,13.68,77.85,123.83,124.8,110.66,140.69,124.55,119.91
101.25,13.68,56.1,76.05,79.11,70.23,85.99,78.11,76.24
102.75,13.68,39.58,45.78,48.29,43.66,51.13,47.59,47.69
104.25,13.68,28.33,28.1,29.4,27.66,30.77,29.18,30.36
105.75,13.68,22.44,19.25,19.61,19.52,20.52,19.77,21.53
107.25,13.68,22.04,16.84,16.46,17.47,17.35,16.92,19.38
108.75,13.68,28.83,20.67,19.26,21.75,20.55,20.18,24.14
110.25,13.68,48.45,34.81,31.03,36.81,33.54,32.9,40.68
111.75,13.68,93.23,71.04,61.34,74.95,66.89,65.31,82.42
113.25,13.68,178.93,151.2,128.64,158.38,140.16,136.42,171.54
114.75,13.68,300.25,288.48,247.13,298.94,265.57,258.97,313.61
116.25,13.68,396.15,428.45,379.06,439.15,395.83,390.63,438.39
117.75,13.68,399.72,459.23,427.83,467.82,428.74,433.97,441.48
119.25,13.68,324.26,369.86,362.85,377.25,348.01,364.25,338.81
120.75,13.68,232.66,252.52,256.36,259.28,237.18,256.19,224.24
122.25,13.68,161.22,164.88,169.87,170.7,153.91,169.9,144.14
123.75,13.68,115.19,112.65,116.18,117.7,104.2,116.68,98.02
125.25,13.68,88.35,84.26,86.6,88.87,77.58,87.35,73.52
126.75,13.68,74.28,70.12,71.99,74.47,64.49,72.75,61.61
128.25,13.68,68.53,64.69,66.23,68.71,59.52,66.84,57.34
129.75,13.68,68.07,64.77,66,68.23,59.93,66.22,58.04
131.25,13.68,70.72,68.53,69.25,71.15,63.88,68.84,62.1
132.75,13.68,75.05,74.31,74.23,75.49,70.05,72.97,67.87
134.25,13.68,79.13,79.84,79.01,78.93,76.14,76.7,72.86
135.75,13.68,80.51,82.27,81.2,79.46,79.69,77.8,74.86
137.25,13.68,78.21,80.08,79.46,76.55,78.63,75.37,73.25
138.75,13.68,72.7,74.21,74.45,71.23,73.5,70.21,68.8
140.25,13.68,65.61,66.78,68.24,65.08,66.59,64.3,63.41
141.75,13.68,59.74,60.62,63.16,60.24,60.74,59.88,59.14
143.25,13.68,56.99,57.9,60.98,58.32,58.25,58.41,57.64
144.75,13.68,56.26,56.84,60,57.62,57.3,57.95,57.31
146.25,13.68,56.91,57.01,60.03,57.94,57.52,58.34,57.92
147.75,13.68,58.32,57.45,60.22,58.73,57.88,58.67,58.87
35.25,15.72,201.01,187.45,265.38,236.46,226.62,247.09,203.91
36.75,15.72,203.07,240.63,261.26,261.95,242.89,242.55,222.51
38.25,15.72,216.68,296.58,264,292.27,265.74,241.24,252.37
39.75,15.72,241.33,376.22,267.78,333.36,291.26,248.53,281.55
41.25,15.72,279.3,446.77,266.06,370.72,320.8,254.08,322.86
42.75,15.72,348.13,509.86,269.77,418.59,324.75,278.11,371.79
44.25,15.72,416.57,529.33,287.99,442.89,319.9,294.1,384.9
45.75,15.72,477.16,496.84,305,423.44,322.88,319.33,401.76
47.25,15.72,514.48,451.56,323.69,401.19,320.9,350.03,403.77
48.75,15.72,538.6,401.5,353.46,386.19,342.15,373.57,416.38
50.25,15.72,587.2,382.13,391.86,402.49,367.67,419.41,462.5
51.75,15.72,689.3,408.88,480.34,471.53,425.49,469.28,560.22
53.25,15.72,856.45,474.56,607.11,603.32,523.41,552.63,723.46
54.75,15.72,1127.6,560.41,801.56,811.98,642.24,674.44,956.08
56.25,15.72,1515.2,627.38,1024.1,1081.9,736.22,813.17,1125.9
57.75,15.72,1779.6,547,1099.9,1092.2,702.91,850.58,1066.1
59.25,15.72,1331.2,361.55,792.88,725.65,439.04,668.34,709.82
60.75,15.72,587.2,180.7,364.91,328.64,195.47,307.43,316.98
62.25,15.72,208.77,76.61,124.85,124.44,74.33,110.16,116.35
63.75,15.72,73.73,30.26,41.28,45.14,27.1,37.63,40.64
65.25,15.72,26.5,11.45,14.19,16.25,9.75,12.98,13.83
66.75,15.72,9.41,4.13,5.28,5.77,3.52,4.63,4.67
68.25,15.72,3.54,1.57,2.32,2.22,1.36,1.86,1.74
69.75,15.72,1.73,0.84,1.42,1.15,0.73,0.97,0.82
71.25,15.72,1.51,0.84,1.45,0.99,0.86,1.05,0.75
72.75,15.72,2.86,1.94,2.94,2.04,2.14,2.83,1.6
74.25,15.72,8.77,7.03,9.43,7.01,7.84,10.08,5.78
75.75,15.72,29.38,25.71,30.91,25.13,27.57,34.09,21.8
77.25,15.72,85.86,78.67,86.48,75.87,80.33,95.56,69.4
78.75,15.72,202.19,196.14,198.68,186.14,191.13,220.13,178.83
80.25,15.72,372.3,403.04,375.51,373.42,378.65,420.8,376.36
81.75,15.72,547.55,704.09,596.53,629.97,644.45,684.35,665.06
83.25,15.72,679.6,1073.9,824.66,915.74,980.22,974.6,1010.2
84.75,15.72,759.54,1459.1,1026.3,1171.6,1362.2,1255,1345.1
86.25,15.72,774.56,1778.8,1169.3,1338.7,1745.4,1475.4,1587.9
87.75,15.72,724.24,1947.3,1227.9,1381.4,2044.5,1584.8,1691.1
89.25,15.72,619.18,1908.4,1191,1302.4,2144.4,1545.9,1638.5
90.75,15.72,489.56,1661.7,1058.8,1123.8,1965.9,1359.5,1436.4
92.25,15.72,364.32,1289.7,862.41,889.37,1565.9,1080.9,1139.4
93.75,15.72,262.9,905.23,651.46,649.05,1108.6,788.2,819.87
95.25,15.72,188.28,588.44,462.48,442.45,719.43,537.29,547.61
96.75,15.72,135.78,363.5,311.19,287.29,439.92,347.54,347.53
98.25,15.72,100.11,217.53,199.85,180.53,259.37,215.54,213.96
99.75,15.72,74.92,126.81,123.54,110.36,149.4,129.63,129.61
101.25,15.72,55.95,72.18,73.92,65.8,84.39,76.26,78.4
102.75,15.72,41.69,41.24,43.37,39.33,47.32,44.51,47.98
104.25,15.72,32.09,25.1,26.08,24.97,27.93,26.91,30.96
105.75,15.72,27.56,18.06,18.05,18.58,19.34,18.87,23.19
107.25,15.72,28.63,17.3,16.38,18.12,17.77,17.38,22.53
108.75,15.72,38.21,23.14,20.76,24.44,22.87,22.31,29.72
110.25,15.72,64.38,41.5,35.53,43.87,39.69,38.41,51.85
111.75,15.72,126.02,89.8,74.58,94.5,84.23,80.65,110.55
113.25,15.72,256.28,210.22,171.94,218.96,194.55,184.83,252.99
114.75,15.72,476.58,465.35,382.46,476.89,429.07,404.98,535.73
116.25,15.72,696.63,812.96,692.65,818.14,756.32,717.23,868.18
117.75,15.72,734.07,947.42,864.41,943.39,897.16,877.01,929.3
119.25,15.72,578.06,737.78,719.97,736.98,703.82,723.91,679.27
120.75,15.72,387.81,457.76,462.58,462.54,432.32,465.4,406.01
122.25,15.72,248.26,270.46,274.78,276.23,252.16,278.61,235.46
123.75,15.72,164.26,170.85,171.85,175.95,157.29,176.15,147.61
125.25,15.72,117.72,120.8,120.02,125.18,110.72,124.18,104.14
126.75,15.72,93.98,96.86,95.57,100.57,88.96,99.35,83.61
128.25,15.72,84.2,87.96,85.95,90.71,81.07,89.39,76.24
129.75,15.72,83.62,88.77,85.64,90.04,82.68,88.58,77.72
131.25,15.72,89.28,97.19,91.86,96.28,91.56,94.21,86.1
132.75,15.72,99.45,111.1,102.29,106.6,106.5,103.8,99.4
134.25,15.72,110.48,126.03,113.65,116.4,122.83,113.95,112.56
135.75,15.72,115.55,133.2,119.42,119.33,132.8,118.14,118.21
137.25,15.72,110.41,125.94,114.23,111.94,127.78,112,112.66
138.75,15.72,97.88,109.76,101.38,98.82,111.88,99.15,99.71
140.25,15.72,82.33,91.09,86.92,84.31,93.12,85.11,85.27
141.75,15.72,71.39,78.93,77.81,75.22,80.93,77.03,76.27
143.25,15.72,70.29,80.95,81.17,78.28,84.37,82.28,80.49
